USE [Air de Java]
GO
/****** Object:  UserDefinedDataType [dbo].[liblg]    Script Date: 03/10/2011 10:43:24 ******/
CREATE TYPE [dbo].[liblg] FROM [varchar](50) NULL
GO
/****** Object:  UserDefinedDataType [dbo].[libct]    Script Date: 03/10/2011 10:43:24 ******/
CREATE TYPE [dbo].[libct] FROM [varchar](20) NULL
GO
/****** Object:  Table [dbo].[PROFIL]    Script Date: 03/10/2011 10:43:26 ******/
SET ANSI_NULLS ON
GO
SET QUOTED_IDENTIFIER ON
GO
SET ANSI_PADDING ON
GO
CREATE TABLE [dbo].[PROFIL](
	[CDPROFIL] [int] NOT NULL,
	[TYPEPROFIL] [dbo].[libct] NOT NULL,
 CONSTRAINT [PK_PROFIL] PRIMARY KEY CLUSTERED 
(
	[CDPROFIL] ASC
)WITH (PAD_INDEX  = OFF, STATISTICS_NORECOMPUTE  = OFF, IGNORE_DUP_KEY = OFF, ALLOW_ROW_LOCKS  = ON, ALLOW_PAGE_LOCKS  = ON) ON [PRIMARY]
) ON [PRIMARY]
GO
SET ANSI_PADDING OFF
GO
INSERT [dbo].[PROFIL] ([CDPROFIL], [TYPEPROFIL]) VALUES (1, N'Administrateur')
INSERT [dbo].[PROFIL] ([CDPROFIL], [TYPEPROFIL]) VALUES (2, N'Utilisateur')
INSERT [dbo].[PROFIL] ([CDPROFIL], [TYPEPROFIL]) VALUES (3, N'Consultations')
/****** Object:  Table [dbo].[SPECIALITE]    Script Date: 03/10/2011 10:43:26 ******/
SET ANSI_NULLS ON
GO
SET QUOTED_IDENTIFIER ON
GO
SET ANSI_PADDING ON
GO
CREATE TABLE [dbo].[SPECIALITE](
	[CDSPE] [int] NOT NULL,
	[NMSPE] [dbo].[libct] NOT NULL,
 CONSTRAINT [PK_SPECIALITE] PRIMARY KEY CLUSTERED 
(
	[CDSPE] ASC
)WITH (PAD_INDEX  = OFF, STATISTICS_NORECOMPUTE  = OFF, IGNORE_DUP_KEY = OFF, ALLOW_ROW_LOCKS  = ON, ALLOW_PAGE_LOCKS  = ON) ON [PRIMARY]
) ON [PRIMARY]
GO
SET ANSI_PADDING OFF
GO
INSERT [dbo].[SPECIALITE] ([CDSPE], [NMSPE]) VALUES (1, N'soliste')
INSERT [dbo].[SPECIALITE] ([CDSPE], [NMSPE]) VALUES (2, N'choriste')
INSERT [dbo].[SPECIALITE] ([CDSPE], [NMSPE]) VALUES (3, N'musicien')
/****** Object:  Table [dbo].[RESPONSABILITE]    Script Date: 03/10/2011 10:43:26 ******/
SET ANSI_NULLS ON
GO
SET QUOTED_IDENTIFIER ON
GO
SET ANSI_PADDING ON
GO
CREATE TABLE [dbo].[RESPONSABILITE](
	[CDRES] [int] NOT NULL,
	[NMRES] [dbo].[libct] NOT NULL,
 CONSTRAINT [PK_RESPONSABILITE] PRIMARY KEY CLUSTERED 
(
	[CDRES] ASC
)WITH (PAD_INDEX  = OFF, STATISTICS_NORECOMPUTE  = OFF, IGNORE_DUP_KEY = OFF, ALLOW_ROW_LOCKS  = ON, ALLOW_PAGE_LOCKS  = ON) ON [PRIMARY]
) ON [PRIMARY]
GO
SET ANSI_PADDING OFF
GO
INSERT [dbo].[RESPONSABILITE] ([CDRES], [NMRES]) VALUES (1, N'Chauffeur')
INSERT [dbo].[RESPONSABILITE] ([CDRES], [NMRES]) VALUES (2, N'Eclairagiste')
INSERT [dbo].[RESPONSABILITE] ([CDRES], [NMRES]) VALUES (3, N'Manutentionnaire')
INSERT [dbo].[RESPONSABILITE] ([CDRES], [NMRES]) VALUES (4, N'Trésorier')
INSERT [dbo].[RESPONSABILITE] ([CDRES], [NMRES]) VALUES (5, N'Habilleur')
INSERT [dbo].[RESPONSABILITE] ([CDRES], [NMRES]) VALUES (6, N'Maquilleur')
INSERT [dbo].[RESPONSABILITE] ([CDRES], [NMRES]) VALUES (7, N'Groupie')
INSERT [dbo].[RESPONSABILITE] ([CDRES], [NMRES]) VALUES (8, N'Coach')
INSERT [dbo].[RESPONSABILITE] ([CDRES], [NMRES]) VALUES (9, N'Intendant')
INSERT [dbo].[RESPONSABILITE] ([CDRES], [NMRES]) VALUES (10, N'Ingénieur son')
INSERT [dbo].[RESPONSABILITE] ([CDRES], [NMRES]) VALUES (11, N'Eclairagiste')
INSERT [dbo].[RESPONSABILITE] ([CDRES], [NMRES]) VALUES (12, N'Secrétaire')
INSERT [dbo].[RESPONSABILITE] ([CDRES], [NMRES]) VALUES (13, N'Chorégraphe')
INSERT [dbo].[RESPONSABILITE] ([CDRES], [NMRES]) VALUES (14, N'Scénographe')
INSERT [dbo].[RESPONSABILITE] ([CDRES], [NMRES]) VALUES (15, N'Cuisinier')
/****** Object:  Table [dbo].[TYPE D_OEUVRE]    Script Date: 03/10/2011 10:43:26 ******/
SET ANSI_NULLS ON
GO
SET QUOTED_IDENTIFIER ON
GO
SET ANSI_PADDING ON
GO
CREATE TABLE [dbo].[TYPE D_OEUVRE](
	[CDTYP] [int] NOT NULL,
	[TYPTITRE] [dbo].[libct] NOT NULL,
 CONSTRAINT [PK_TYPE D_OEUVRE] PRIMARY KEY CLUSTERED 
(
	[CDTYP] ASC
)WITH (PAD_INDEX  = OFF, STATISTICS_NORECOMPUTE  = OFF, IGNORE_DUP_KEY = OFF, ALLOW_ROW_LOCKS  = ON, ALLOW_PAGE_LOCKS  = ON) ON [PRIMARY]
) ON [PRIMARY]
GO
SET ANSI_PADDING OFF
GO
INSERT [dbo].[TYPE D_OEUVRE] ([CDTYP], [TYPTITRE]) VALUES (1, N'Pop')
INSERT [dbo].[TYPE D_OEUVRE] ([CDTYP], [TYPTITRE]) VALUES (2, N'Rock')
INSERT [dbo].[TYPE D_OEUVRE] ([CDTYP], [TYPTITRE]) VALUES (3, N'Classique')
INSERT [dbo].[TYPE D_OEUVRE] ([CDTYP], [TYPTITRE]) VALUES (4, N'RnB')
INSERT [dbo].[TYPE D_OEUVRE] ([CDTYP], [TYPTITRE]) VALUES (5, N'Reggea')
INSERT [dbo].[TYPE D_OEUVRE] ([CDTYP], [TYPTITRE]) VALUES (6, N'Metal')
INSERT [dbo].[TYPE D_OEUVRE] ([CDTYP], [TYPTITRE]) VALUES (7, N'Variete')
INSERT [dbo].[TYPE D_OEUVRE] ([CDTYP], [TYPTITRE]) VALUES (8, N'Punk')
INSERT [dbo].[TYPE D_OEUVRE] ([CDTYP], [TYPTITRE]) VALUES (9, N'Eletro')
/****** Object:  Table [dbo].[INSTRUMENT]    Script Date: 03/10/2011 10:43:26 ******/
SET ANSI_NULLS ON
GO
SET QUOTED_IDENTIFIER ON
GO
SET ANSI_PADDING ON
GO
CREATE TABLE [dbo].[INSTRUMENT](
	[CDINSTU] [int] NOT NULL,
	[NMINSTRU] [dbo].[libct] NOT NULL,
 CONSTRAINT [PK_INSTRUMENT] PRIMARY KEY CLUSTERED 
(
	[CDINSTU] ASC
)WITH (PAD_INDEX  = OFF, STATISTICS_NORECOMPUTE  = OFF, IGNORE_DUP_KEY = OFF, ALLOW_ROW_LOCKS  = ON, ALLOW_PAGE_LOCKS  = ON) ON [PRIMARY]
) ON [PRIMARY]
GO
SET ANSI_PADDING OFF
GO
INSERT [dbo].[INSTRUMENT] ([CDINSTU], [NMINSTRU]) VALUES (1, N'Accordéon')
INSERT [dbo].[INSTRUMENT] ([CDINSTU], [NMINSTRU]) VALUES (2, N'Appeau')
INSERT [dbo].[INSTRUMENT] ([CDINSTU], [NMINSTRU]) VALUES (3, N'Banjo')
INSERT [dbo].[INSTRUMENT] ([CDINSTU], [NMINSTRU]) VALUES (4, N'Basse')
INSERT [dbo].[INSTRUMENT] ([CDINSTU], [NMINSTRU]) VALUES (5, N'Bâton de pluie')
INSERT [dbo].[INSTRUMENT] ([CDINSTU], [NMINSTRU]) VALUES (6, N'Batterie')
INSERT [dbo].[INSTRUMENT] ([CDINSTU], [NMINSTRU]) VALUES (7, N'Bombarde')
INSERT [dbo].[INSTRUMENT] ([CDINSTU], [NMINSTRU]) VALUES (8, N'Bongo')
INSERT [dbo].[INSTRUMENT] ([CDINSTU], [NMINSTRU]) VALUES (9, N'Calebasse')
INSERT [dbo].[INSTRUMENT] ([CDINSTU], [NMINSTRU]) VALUES (10, N'Carillon')
INSERT [dbo].[INSTRUMENT] ([CDINSTU], [NMINSTRU]) VALUES (11, N'Castagnettes')
INSERT [dbo].[INSTRUMENT] ([CDINSTU], [NMINSTRU]) VALUES (12, N'Cithare')
INSERT [dbo].[INSTRUMENT] ([CDINSTU], [NMINSTRU]) VALUES (13, N'Clarinette')
INSERT [dbo].[INSTRUMENT] ([CDINSTU], [NMINSTRU]) VALUES (14, N'Clavecin')
INSERT [dbo].[INSTRUMENT] ([CDINSTU], [NMINSTRU]) VALUES (15, N'Claves')
INSERT [dbo].[INSTRUMENT] ([CDINSTU], [NMINSTRU]) VALUES (16, N'Cloche')
INSERT [dbo].[INSTRUMENT] ([CDINSTU], [NMINSTRU]) VALUES (17, N'Corne')
INSERT [dbo].[INSTRUMENT] ([CDINSTU], [NMINSTRU]) VALUES (18, N'Cornemuse')
INSERT [dbo].[INSTRUMENT] ([CDINSTU], [NMINSTRU]) VALUES (19, N'Cymbales')
INSERT [dbo].[INSTRUMENT] ([CDINSTU], [NMINSTRU]) VALUES (20, N'Diapason')
INSERT [dbo].[INSTRUMENT] ([CDINSTU], [NMINSTRU]) VALUES (21, N'Djembé')
INSERT [dbo].[INSTRUMENT] ([CDINSTU], [NMINSTRU]) VALUES (22, N'Flûte')
INSERT [dbo].[INSTRUMENT] ([CDINSTU], [NMINSTRU]) VALUES (23, N'Grelots')
INSERT [dbo].[INSTRUMENT] ([CDINSTU], [NMINSTRU]) VALUES (24, N'Guimbarde')
INSERT [dbo].[INSTRUMENT] ([CDINSTU], [NMINSTRU]) VALUES (25, N'Guitare')
INSERT [dbo].[INSTRUMENT] ([CDINSTU], [NMINSTRU]) VALUES (26, N'Harmonica')
INSERT [dbo].[INSTRUMENT] ([CDINSTU], [NMINSTRU]) VALUES (27, N'Harpe')
INSERT [dbo].[INSTRUMENT] ([CDINSTU], [NMINSTRU]) VALUES (28, N'Hautbois')
INSERT [dbo].[INSTRUMENT] ([CDINSTU], [NMINSTRU]) VALUES (29, N'Lyre')
INSERT [dbo].[INSTRUMENT] ([CDINSTU], [NMINSTRU]) VALUES (30, N'Mandoline')
INSERT [dbo].[INSTRUMENT] ([CDINSTU], [NMINSTRU]) VALUES (31, N'Orgue')
INSERT [dbo].[INSTRUMENT] ([CDINSTU], [NMINSTRU]) VALUES (32, N'Piano')
INSERT [dbo].[INSTRUMENT] ([CDINSTU], [NMINSTRU]) VALUES (33, N'Saxophone')
INSERT [dbo].[INSTRUMENT] ([CDINSTU], [NMINSTRU]) VALUES (34, N'Synthétiseur')
INSERT [dbo].[INSTRUMENT] ([CDINSTU], [NMINSTRU]) VALUES (35, N'Tambour')
INSERT [dbo].[INSTRUMENT] ([CDINSTU], [NMINSTRU]) VALUES (36, N'Timbale')
INSERT [dbo].[INSTRUMENT] ([CDINSTU], [NMINSTRU]) VALUES (37, N'Triangle')
INSERT [dbo].[INSTRUMENT] ([CDINSTU], [NMINSTRU]) VALUES (38, N'Trombone')
INSERT [dbo].[INSTRUMENT] ([CDINSTU], [NMINSTRU]) VALUES (39, N'Trompette')
INSERT [dbo].[INSTRUMENT] ([CDINSTU], [NMINSTRU]) VALUES (40, N'Violon')
INSERT [dbo].[INSTRUMENT] ([CDINSTU], [NMINSTRU]) VALUES (41, N'Violoncelle')
INSERT [dbo].[INSTRUMENT] ([CDINSTU], [NMINSTRU]) VALUES (42, N'Xylophone')
/****** Object:  Table [dbo].[PERIODICITE]    Script Date: 03/10/2011 10:43:26 ******/
SET ANSI_NULLS ON
GO
SET QUOTED_IDENTIFIER ON
GO
SET ANSI_PADDING ON
GO
CREATE TABLE [dbo].[PERIODICITE](
	[PERIOID] [int] NOT NULL,
	[PERIOREN] [dbo].[libct] NOT NULL,
 CONSTRAINT [PK_PERIODICITE] PRIMARY KEY CLUSTERED 
(
	[PERIOID] ASC
)WITH (PAD_INDEX  = OFF, STATISTICS_NORECOMPUTE  = OFF, IGNORE_DUP_KEY = OFF, ALLOW_ROW_LOCKS  = ON, ALLOW_PAGE_LOCKS  = ON) ON [PRIMARY]
) ON [PRIMARY]
GO
SET ANSI_PADDING OFF
GO
INSERT [dbo].[PERIODICITE] ([PERIOID], [PERIOREN]) VALUES (1, N'Unique')
INSERT [dbo].[PERIODICITE] ([PERIOID], [PERIOREN]) VALUES (2, N'Quotidienne')
INSERT [dbo].[PERIODICITE] ([PERIOID], [PERIOREN]) VALUES (3, N'Lundi-Vendredi')
INSERT [dbo].[PERIODICITE] ([PERIOID], [PERIOREN]) VALUES (4, N'Week-end')
INSERT [dbo].[PERIODICITE] ([PERIOID], [PERIOREN]) VALUES (5, N'Hebdomadaire')
INSERT [dbo].[PERIODICITE] ([PERIOID], [PERIOREN]) VALUES (6, N'Mensuelle')
INSERT [dbo].[PERIODICITE] ([PERIOID], [PERIOREN]) VALUES (7, N'Bimensuelle')
INSERT [dbo].[PERIODICITE] ([PERIOID], [PERIOREN]) VALUES (8, N'Trimestrielle')
INSERT [dbo].[PERIODICITE] ([PERIOID], [PERIOREN]) VALUES (9, N'Semestrielle')
INSERT [dbo].[PERIODICITE] ([PERIOID], [PERIOREN]) VALUES (10, N'Annuelle')
INSERT [dbo].[PERIODICITE] ([PERIOID], [PERIOREN]) VALUES (11, N'Biennale')
INSERT [dbo].[PERIODICITE] ([PERIOID], [PERIOREN]) VALUES (12, N'tria-nnuel')
INSERT [dbo].[PERIODICITE] ([PERIOID], [PERIOREN]) VALUES (13, N'quadri-annuel')
INSERT [dbo].[PERIODICITE] ([PERIOID], [PERIOREN]) VALUES (14, N'quinquennal')
/****** Object:  Table [dbo].[PAYS]    Script Date: 03/10/2011 10:43:26 ******/
SET ANSI_NULLS ON
GO
SET QUOTED_IDENTIFIER ON
GO
SET ANSI_PADDING ON
GO
CREATE TABLE [dbo].[PAYS](
	[PAYSID] [int] NOT NULL,
	[PAYSLIB] [dbo].[libct] NOT NULL,
 CONSTRAINT [PK_PAYS] PRIMARY KEY CLUSTERED 
(
	[PAYSID] ASC
)WITH (PAD_INDEX  = OFF, STATISTICS_NORECOMPUTE  = OFF, IGNORE_DUP_KEY = OFF, ALLOW_ROW_LOCKS  = ON, ALLOW_PAGE_LOCKS  = ON) ON [PRIMARY]
) ON [PRIMARY]
GO
SET ANSI_PADDING OFF
GO
INSERT [dbo].[PAYS] ([PAYSID], [PAYSLIB]) VALUES (1, N'France')
INSERT [dbo].[PAYS] ([PAYSID], [PAYSLIB]) VALUES (2, N'Belgique')
INSERT [dbo].[PAYS] ([PAYSID], [PAYSLIB]) VALUES (3, N'Italie')
INSERT [dbo].[PAYS] ([PAYSID], [PAYSLIB]) VALUES (4, N'Suède')
INSERT [dbo].[PAYS] ([PAYSID], [PAYSLIB]) VALUES (5, N'Pologne')
INSERT [dbo].[PAYS] ([PAYSID], [PAYSLIB]) VALUES (6, N'Suède')
INSERT [dbo].[PAYS] ([PAYSID], [PAYSLIB]) VALUES (7, N'Norvège')
INSERT [dbo].[PAYS] ([PAYSID], [PAYSLIB]) VALUES (8, N'Allemagne')
INSERT [dbo].[PAYS] ([PAYSID], [PAYSLIB]) VALUES (9, N'Espagne')
INSERT [dbo].[PAYS] ([PAYSID], [PAYSLIB]) VALUES (10, N'Portugal')
INSERT [dbo].[PAYS] ([PAYSID], [PAYSLIB]) VALUES (11, N'Royaume-Uni')
INSERT [dbo].[PAYS] ([PAYSID], [PAYSLIB]) VALUES (12, N'Autriche')
INSERT [dbo].[PAYS] ([PAYSID], [PAYSLIB]) VALUES (13, N'Pays-Bas')
/****** Object:  Table [dbo].[CIVILITE]    Script Date: 03/10/2011 10:43:26 ******/
SET ANSI_NULLS ON
GO
SET QUOTED_IDENTIFIER ON
GO
SET ANSI_PADDING ON
GO
CREATE TABLE [dbo].[CIVILITE](
	[CDCIV] [int] NOT NULL,
	[LIBCIV] [dbo].[libct] NOT NULL,
 CONSTRAINT [PK_CIVILITE] PRIMARY KEY CLUSTERED 
(
	[CDCIV] ASC
)WITH (PAD_INDEX  = OFF, STATISTICS_NORECOMPUTE  = OFF, IGNORE_DUP_KEY = OFF, ALLOW_ROW_LOCKS  = ON, ALLOW_PAGE_LOCKS  = ON) ON [PRIMARY]
) ON [PRIMARY]
GO
SET ANSI_PADDING OFF
GO
INSERT [dbo].[CIVILITE] ([CDCIV], [LIBCIV]) VALUES (1, N'Monsieur')
INSERT [dbo].[CIVILITE] ([CDCIV], [LIBCIV]) VALUES (2, N'Madame')
INSERT [dbo].[CIVILITE] ([CDCIV], [LIBCIV]) VALUES (3, N'Mademoiselle')
/****** Object:  Table [dbo].[MENU]    Script Date: 03/10/2011 10:43:26 ******/
SET ANSI_NULLS ON
GO
SET QUOTED_IDENTIFIER ON
GO
SET ANSI_PADDING ON
GO
CREATE TABLE [dbo].[MENU](
	[CDMENU] [int] NOT NULL,
	[LIBMENU] [dbo].[libct] NOT NULL,
 CONSTRAINT [PK_MENU] PRIMARY KEY CLUSTERED 
(
	[CDMENU] ASC
)WITH (PAD_INDEX  = OFF, STATISTICS_NORECOMPUTE  = OFF, IGNORE_DUP_KEY = OFF, ALLOW_ROW_LOCKS  = ON, ALLOW_PAGE_LOCKS  = ON) ON [PRIMARY]
) ON [PRIMARY]
GO
SET ANSI_PADDING OFF
GO
INSERT [dbo].[MENU] ([CDMENU], [LIBMENU]) VALUES (1, N'Groupes')
INSERT [dbo].[MENU] ([CDMENU], [LIBMENU]) VALUES (2, N'Rencontres')
INSERT [dbo].[MENU] ([CDMENU], [LIBMENU]) VALUES (3, N'Œuvres')
INSERT [dbo].[MENU] ([CDMENU], [LIBMENU]) VALUES (4, N'Interrogations')
INSERT [dbo].[MENU] ([CDMENU], [LIBMENU]) VALUES (5, N'Outils')
/****** Object:  Table [dbo].[LOGIN]    Script Date: 03/10/2011 10:43:26 ******/
SET ANSI_NULLS ON
GO
SET QUOTED_IDENTIFIER ON
GO
SET ANSI_PADDING ON
GO
CREATE TABLE [dbo].[LOGIN](
	[CDUTILISATEUR] [int] NOT NULL,
	[CDPROFIL] [int] NOT NULL,
	[NMUTILISATEUR] [dbo].[libct] NOT NULL,
	[PASSWORDUTIL] [dbo].[libct] NOT NULL,
 CONSTRAINT [PK_LOGIN] PRIMARY KEY CLUSTERED 
(
	[CDUTILISATEUR] ASC
)WITH (PAD_INDEX  = OFF, STATISTICS_NORECOMPUTE  = OFF, IGNORE_DUP_KEY = OFF, ALLOW_ROW_LOCKS  = ON, ALLOW_PAGE_LOCKS  = ON) ON [PRIMARY]
) ON [PRIMARY]
GO
SET ANSI_PADDING OFF
GO
INSERT [dbo].[LOGIN] ([CDUTILISATEUR], [CDPROFIL], [NMUTILISATEUR], [PASSWORDUTIL]) VALUES (1, 1, N'Jean', N'Némar')
INSERT [dbo].[LOGIN] ([CDUTILISATEUR], [CDPROFIL], [NMUTILISATEUR], [PASSWORDUTIL]) VALUES (2, 2, N'Robin', N'Didonque')
INSERT [dbo].[LOGIN] ([CDUTILISATEUR], [CDPROFIL], [NMUTILISATEUR], [PASSWORDUTIL]) VALUES (3, 3, N'Camille', N'Onssiterne')
INSERT [dbo].[LOGIN] ([CDUTILISATEUR], [CDPROFIL], [NMUTILISATEUR], [PASSWORDUTIL]) VALUES (4, 2, N'Thomas', N'Teufarssi')
INSERT [dbo].[LOGIN] ([CDUTILISATEUR], [CDPROFIL], [NMUTILISATEUR], [PASSWORDUTIL]) VALUES (5, 3, N'Jéremy', N'Maichossette')
/****** Object:  Table [dbo].[A ACCES]    Script Date: 03/10/2011 10:43:26 ******/
SET ANSI_NULLS ON
GO
SET QUOTED_IDENTIFIER ON
GO
CREATE TABLE [dbo].[A ACCES](
	[CDPROFIL] [int] NOT NULL,
	[CDMENU] [int] NOT NULL,
 CONSTRAINT [PK_A ACCES] PRIMARY KEY CLUSTERED 
(
	[CDPROFIL] ASC,
	[CDMENU] ASC
)WITH (PAD_INDEX  = OFF, STATISTICS_NORECOMPUTE  = OFF, IGNORE_DUP_KEY = OFF, ALLOW_ROW_LOCKS  = ON, ALLOW_PAGE_LOCKS  = ON) ON [PRIMARY]
) ON [PRIMARY]
GO
INSERT [dbo].[A ACCES] ([CDPROFIL], [CDMENU]) VALUES (1, 1)
INSERT [dbo].[A ACCES] ([CDPROFIL], [CDMENU]) VALUES (1, 2)
INSERT [dbo].[A ACCES] ([CDPROFIL], [CDMENU]) VALUES (1, 3)
INSERT [dbo].[A ACCES] ([CDPROFIL], [CDMENU]) VALUES (1, 4)
INSERT [dbo].[A ACCES] ([CDPROFIL], [CDMENU]) VALUES (1, 5)
INSERT [dbo].[A ACCES] ([CDPROFIL], [CDMENU]) VALUES (2, 1)
INSERT [dbo].[A ACCES] ([CDPROFIL], [CDMENU]) VALUES (2, 2)
INSERT [dbo].[A ACCES] ([CDPROFIL], [CDMENU]) VALUES (2, 3)
INSERT [dbo].[A ACCES] ([CDPROFIL], [CDMENU]) VALUES (2, 4)
INSERT [dbo].[A ACCES] ([CDPROFIL], [CDMENU]) VALUES (3, 4)
/****** Object:  Table [dbo].[TITRE _ CHANSON]    Script Date: 03/10/2011 10:43:26 ******/
SET ANSI_NULLS ON
GO
SET QUOTED_IDENTIFIER ON
GO
SET ANSI_PADDING ON
GO
CREATE TABLE [dbo].[TITRE _ CHANSON](
	[CDTITRE] [int] NOT NULL,
	[CDTYP] [int] NOT NULL,
	[NMTITRE] [dbo].[liblg] NOT NULL,
	[DTITRE] [char](4) NOT NULL,
	[TPSTITRE] [time](7) NOT NULL,
 CONSTRAINT [PK_TITRE _ CHANSON] PRIMARY KEY CLUSTERED 
(
	[CDTITRE] ASC
)WITH (PAD_INDEX  = OFF, STATISTICS_NORECOMPUTE  = OFF, IGNORE_DUP_KEY = OFF, ALLOW_ROW_LOCKS  = ON, ALLOW_PAGE_LOCKS  = ON) ON [PRIMARY]
) ON [PRIMARY]
GO
SET ANSI_PADDING OFF
GO
INSERT [dbo].[TITRE _ CHANSON] ([CDTITRE], [CDTYP], [NMTITRE], [DTITRE], [TPSTITRE]) VALUES (1, 1, N'Smells Like teen spirit', N'1991', CAST(0x07004E990C2A0000 AS Time))
INSERT [dbo].[TITRE _ CHANSON] ([CDTITRE], [CDTYP], [NMTITRE], [DTITRE], [TPSTITRE]) VALUES (2, 7, N'Rocky road to Dublin', N'1901', CAST(0x0700B08EF01B0000 AS Time))
INSERT [dbo].[TITRE _ CHANSON] ([CDTITRE], [CDTYP], [NMTITRE], [DTITRE], [TPSTITRE]) VALUES (3, 2, N'Detachable penis', N'1992', CAST(0x07003C15381C0000 AS Time))
INSERT [dbo].[TITRE _ CHANSON] ([CDTITRE], [CDTYP], [NMTITRE], [DTITRE], [TPSTITRE]) VALUES (4, 2, N'Highway to hell', N'1979', CAST(0x07005422C71C0000 AS Time))
INSERT [dbo].[TITRE _ CHANSON] ([CDTITRE], [CDTYP], [NMTITRE], [DTITRE], [TPSTITRE]) VALUES (5, 2, N'Die, die my darling', N'1984', CAST(0x07005EB957360000 AS Time))
INSERT [dbo].[TITRE _ CHANSON] ([CDTITRE], [CDTYP], [NMTITRE], [DTITRE], [TPSTITRE]) VALUES (6, 4, N'Killing me softly with his song', N'1973', CAST(0x07003428F4270000 AS Time))
INSERT [dbo].[TITRE _ CHANSON] ([CDTITRE], [CDTYP], [NMTITRE], [DTITRE], [TPSTITRE]) VALUES (7, 7, N'Whiskey in the jar', N'1728', CAST(0x0700308F497E0000 AS Time))
INSERT [dbo].[TITRE _ CHANSON] ([CDTITRE], [CDTYP], [NMTITRE], [DTITRE], [TPSTITRE]) VALUES (8, 8, N'I wanna be sedated', N'1979', CAST(0x0700BEA7D0140000 AS Time))
INSERT [dbo].[TITRE _ CHANSON] ([CDTITRE], [CDTYP], [NMTITRE], [DTITRE], [TPSTITRE]) VALUES (9, 1, N'Janie Jones', N'1977', CAST(0x0700466605120000 AS Time))
INSERT [dbo].[TITRE _ CHANSON] ([CDTITRE], [CDTYP], [NMTITRE], [DTITRE], [TPSTITRE]) VALUES (10, 8, N'I wanna be your dog', N'1969', CAST(0x0700AE2A671A0000 AS Time))
INSERT [dbo].[TITRE _ CHANSON] ([CDTITRE], [CDTYP], [NMTITRE], [DTITRE], [TPSTITRE]) VALUES (11, 8, N'Pretty vacant', N'1977', CAST(0x07002408A91B0000 AS Time))
INSERT [dbo].[TITRE _ CHANSON] ([CDTITRE], [CDTYP], [NMTITRE], [DTITRE], [TPSTITRE]) VALUES (12, 3, N'So what', N'1981', CAST(0x07006867431A0000 AS Time))
INSERT [dbo].[TITRE _ CHANSON] ([CDTITRE], [CDTYP], [NMTITRE], [DTITRE], [TPSTITRE]) VALUES (13, 8, N'Insane in the Brain', N'1993', CAST(0x07003E79C11D0000 AS Time))
INSERT [dbo].[TITRE _ CHANSON] ([CDTITRE], [CDTYP], [NMTITRE], [DTITRE], [TPSTITRE]) VALUES (14, 2, N'Stoned raiders', N'1995', CAST(0x070094B94E180000 AS Time))
INSERT [dbo].[TITRE _ CHANSON] ([CDTITRE], [CDTYP], [NMTITRE], [DTITRE], [TPSTITRE]) VALUES (15, 2, N'I fought the law', N'1959', CAST(0x0700A436B8120000 AS Time))
INSERT [dbo].[TITRE _ CHANSON] ([CDTITRE], [CDTYP], [NMTITRE], [DTITRE], [TPSTITRE]) VALUES (16, 2, N'The End', N'1967', CAST(0x0700AEB6ED610000 AS Time))
INSERT [dbo].[TITRE _ CHANSON] ([CDTITRE], [CDTYP], [NMTITRE], [DTITRE], [TPSTITRE]) VALUES (17, 8, N'Atrocity exhibition', N'1980', CAST(0x0700142E21330000 AS Time))
INSERT [dbo].[TITRE _ CHANSON] ([CDTITRE], [CDTYP], [NMTITRE], [DTITRE], [TPSTITRE]) VALUES (18, 1, N'A means to an end', N'1980', CAST(0x07008A6881220000 AS Time))
INSERT [dbo].[TITRE _ CHANSON] ([CDTITRE], [CDTYP], [NMTITRE], [DTITRE], [TPSTITRE]) VALUES (19, 6, N'The Funeral party', N'1981', CAST(0x070074BF7B230000 AS Time))
INSERT [dbo].[TITRE _ CHANSON] ([CDTITRE], [CDTYP], [NMTITRE], [DTITRE], [TPSTITRE]) VALUES (20, 2, N'Hey,hey, My My', N'1979', CAST(0x0700F4906C2C0000 AS Time))
INSERT [dbo].[TITRE _ CHANSON] ([CDTITRE], [CDTYP], [NMTITRE], [DTITRE], [TPSTITRE]) VALUES (21, 9, N'Derezzed', N'2010', CAST(0x07007054870E0000 AS Time))
INSERT [dbo].[TITRE _ CHANSON] ([CDTITRE], [CDTYP], [NMTITRE], [DTITRE], [TPSTITRE]) VALUES (22, 1, N'Wrong', N'2009', CAST(0x0700C637F61A0000 AS Time))
INSERT [dbo].[TITRE _ CHANSON] ([CDTITRE], [CDTYP], [NMTITRE], [DTITRE], [TPSTITRE]) VALUES (23, 2, N'Rotten apple', N'1994', CAST(0x07004CD8643A0000 AS Time))
INSERT [dbo].[TITRE _ CHANSON] ([CDTITRE], [CDTYP], [NMTITRE], [DTITRE], [TPSTITRE]) VALUES (24, 2, N'Nutshell', N'1994', CAST(0x0700D28F2E240000 AS Time))
INSERT [dbo].[TITRE _ CHANSON] ([CDTITRE], [CDTYP], [NMTITRE], [DTITRE], [TPSTITRE]) VALUES (25, 2, N'Mama', N'1983', CAST(0x07009037FF380000 AS Time))
INSERT [dbo].[TITRE _ CHANSON] ([CDTITRE], [CDTYP], [NMTITRE], [DTITRE], [TPSTITRE]) VALUES (26, 2, N'Zouk', N'2011', CAST(0x0700384D25190000 AS Time))
INSERT [dbo].[TITRE _ CHANSON] ([CDTITRE], [CDTYP], [NMTITRE], [DTITRE], [TPSTITRE]) VALUES (27, 1, N'Ma Chanson leur à pas plu', N'1987', CAST(0x0700A27510230000 AS Time))
INSERT [dbo].[TITRE _ CHANSON] ([CDTITRE], [CDTYP], [NMTITRE], [DTITRE], [TPSTITRE]) VALUES (28, 1, N'Loulou', N'1988', CAST(0x07005CB2EC220000 AS Time))
/****** Object:  Table [dbo].[PERSONNE]    Script Date: 03/10/2011 10:43:26 ******/
SET ANSI_NULLS ON
GO
SET QUOTED_IDENTIFIER ON
GO
SET ANSI_PADDING ON
GO
CREATE TABLE [dbo].[PERSONNE](
	[PERCD] [int] NOT NULL,
	[CDCIV] [int] NOT NULL,
	[PERNM] [dbo].[libct] NOT NULL,
	[PERPR] [dbo].[libct] NOT NULL,
	[PERAD] [dbo].[liblg] NULL,
	[PERCP] [int] NULL,
	[PERVILLE] [dbo].[libct] NULL,
	[PERTEL] [int] NULL,
	[PERFAX] [int] NULL,
	[PERML] [dbo].[liblg] NULL,
	[PERDN] [datetime] NULL,
 CONSTRAINT [PK_PERSONNE] PRIMARY KEY CLUSTERED 
(
	[PERCD] ASC
)WITH (PAD_INDEX  = OFF, STATISTICS_NORECOMPUTE  = OFF, IGNORE_DUP_KEY = OFF, ALLOW_ROW_LOCKS  = ON, ALLOW_PAGE_LOCKS  = ON) ON [PRIMARY]
) ON [PRIMARY]
GO
SET ANSI_PADDING OFF
GO
INSERT [dbo].[PERSONNE] ([PERCD], [CDCIV], [PERNM], [PERPR], [PERAD], [PERCP], [PERVILLE], [PERTEL], [PERFAX], [PERML], [PERDN]) VALUES (1, 1, N'ARISTOTE', N'JEAN FRANCOIS', N'19 RUE GENERAL LECLERC', 78300, N'POISSY', NULL, NULL, N'jf.aristote@hotmail.fr', CAST(0x00006BB700000000 AS DateTime))
INSERT [dbo].[PERSONNE] ([PERCD], [CDCIV], [PERNM], [PERPR], [PERAD], [PERCP], [PERVILLE], [PERTEL], [PERFAX], [PERML], [PERDN]) VALUES (2, 1, N'BALLY', N'PHILIPPE', N'3 RUE DES NOISETTES', 33000, N'BORDEAUX', NULL, NULL, N'', CAST(0x00006A1800000000 AS DateTime))
INSERT [dbo].[PERSONNE] ([PERCD], [CDCIV], [PERNM], [PERPR], [PERAD], [PERCP], [PERVILLE], [PERTEL], [PERFAX], [PERML], [PERDN]) VALUES (3, 1, N'DURAND', N'PIERRE', N'', 54500, N'VANDOEUVRE', NULL, NULL, N'p.durand@gmail.com', CAST(0x0000657F00000000 AS DateTime))
INSERT [dbo].[PERSONNE] ([PERCD], [CDCIV], [PERNM], [PERPR], [PERAD], [PERCP], [PERVILLE], [PERTEL], [PERFAX], [PERML], [PERDN]) VALUES (4, 2, N'GARCIA', N'LAURENCE', N'78 RUE DU CANTALOUP', 41000, N'BLOIS', NULL, NULL, N'', CAST(0x00006A7400000000 AS DateTime))
INSERT [dbo].[PERSONNE] ([PERCD], [CDCIV], [PERNM], [PERPR], [PERAD], [PERCP], [PERVILLE], [PERTEL], [PERFAX], [PERML], [PERDN]) VALUES (5, 2, N'GIRAUDIER', N'VALERIE', N'19 AV ROUGE BORDEAUX', 63000, N'CLERMONT FERRAND', NULL, NULL, N'', CAST(0x00005FCE00000000 AS DateTime))
INSERT [dbo].[PERSONNE] ([PERCD], [CDCIV], [PERNM], [PERPR], [PERAD], [PERCP], [PERVILLE], [PERTEL], [PERFAX], [PERML], [PERDN]) VALUES (6, 1, N'BARDIN', N'HENRY', N'15 CHEMIN DE CROIX', 92000, N'NANTERRE', NULL, NULL, N'h.bardin@gmail.com', CAST(0x00006EB500000000 AS DateTime))
INSERT [dbo].[PERSONNE] ([PERCD], [CDCIV], [PERNM], [PERPR], [PERAD], [PERCP], [PERVILLE], [PERTEL], [PERFAX], [PERML], [PERDN]) VALUES (7, 1, N'LOUMAIGNE', N'PIERRE', N'', 73000, N'CHAMBERRY', NULL, NULL, N'', CAST(0x00006F8600000000 AS DateTime))
INSERT [dbo].[PERSONNE] ([PERCD], [CDCIV], [PERNM], [PERPR], [PERAD], [PERCP], [PERVILLE], [PERTEL], [PERFAX], [PERML], [PERDN]) VALUES (8, 1, N'MOULIADE', N'LOUIS', N'11 RUE DE LA FONTAINE', 83600, N'FREJUS', NULL, NULL, N'', CAST(0x0000722200000000 AS DateTime))
INSERT [dbo].[PERSONNE] ([PERCD], [CDCIV], [PERNM], [PERPR], [PERAD], [PERCP], [PERVILLE], [PERTEL], [PERFAX], [PERML], [PERDN]) VALUES (9, 1, N'PAGNON ', N'MICHEL', N'99 PLACE DE LA LANCE', 94120, N'FONTENAY SOUS BOIS', NULL, NULL, N'', CAST(0x0000600A00000000 AS DateTime))
INSERT [dbo].[PERSONNE] ([PERCD], [CDCIV], [PERNM], [PERPR], [PERAD], [PERCP], [PERVILLE], [PERTEL], [PERFAX], [PERML], [PERDN]) VALUES (10, 3, N'RAYNAUD', N'SYLVIE', N'54 PLACE DE L''ÉTÉ VERT', 95130, N'FRANCONVILLE', NULL, NULL, N'', CAST(0x0000757900000000 AS DateTime))
INSERT [dbo].[PERSONNE] ([PERCD], [CDCIV], [PERNM], [PERPR], [PERAD], [PERCP], [PERVILLE], [PERTEL], [PERFAX], [PERML], [PERDN]) VALUES (11, 1, N'BIJOUMAT', N'SYLVAIN', N'54 ALLEE DES FLEURS', 92500, N'RUEIL MALMAISON', NULL, NULL, N's.bijoumat@yahoo.fr', CAST(0x00006E6D00000000 AS DateTime))
INSERT [dbo].[PERSONNE] ([PERCD], [CDCIV], [PERNM], [PERPR], [PERAD], [PERCP], [PERVILLE], [PERTEL], [PERFAX], [PERML], [PERDN]) VALUES (12, 1, N'AURY', N'STEVEN', N'118 AV DE POISSY', 59300, N'VALENCIENNE', NULL, NULL, N'', CAST(0x0000676A00000000 AS DateTime))
INSERT [dbo].[PERSONNE] ([PERCD], [CDCIV], [PERNM], [PERPR], [PERAD], [PERCP], [PERVILLE], [PERTEL], [PERFAX], [PERML], [PERDN]) VALUES (13, 3, N'HABER', N'SONIA', N'19 RUE DE LA ROQUETTE', 13127, N'VITROLLES', NULL, NULL, N'', CAST(0x0000669700000000 AS DateTime))
INSERT [dbo].[PERSONNE] ([PERCD], [CDCIV], [PERNM], [PERPR], [PERAD], [PERCP], [PERVILLE], [PERTEL], [PERFAX], [PERML], [PERDN]) VALUES (14, 2, N'MILLET ', N'FRANCOISE', N'', 38200, N'VIENNES', NULL, NULL, N'', CAST(0x0000683D00000000 AS DateTime))
INSERT [dbo].[PERSONNE] ([PERCD], [CDCIV], [PERNM], [PERPR], [PERAD], [PERCP], [PERVILLE], [PERTEL], [PERFAX], [PERML], [PERDN]) VALUES (15, 1, N'BELISTOT', N'NICOLAS', N'112 AV DE LA VERRIERE', 95100, N'ARGENTEUIL', NULL, NULL, N'n.belistot@free.fr', CAST(0x000068B100000000 AS DateTime))
INSERT [dbo].[PERSONNE] ([PERCD], [CDCIV], [PERNM], [PERPR], [PERAD], [PERCP], [PERVILLE], [PERTEL], [PERFAX], [PERML], [PERDN]) VALUES (16, 3, N'PAILLETTE', N'MAUDE', N'56 AV DE LA FORTUNE', 54000, N'NANCY', NULL, NULL, N'', CAST(0x00006A8800000000 AS DateTime))
INSERT [dbo].[PERSONNE] ([PERCD], [CDCIV], [PERNM], [PERPR], [PERAD], [PERCP], [PERVILLE], [PERTEL], [PERFAX], [PERML], [PERDN]) VALUES (17, 2, N'SOLHEID', N'JOSIANE', N'12 RUE OPPORTUNITE', 57000, N'METZ', NULL, NULL, N'j.solheid@gmail.com', CAST(0x0000739300000000 AS DateTime))
INSERT [dbo].[PERSONNE] ([PERCD], [CDCIV], [PERNM], [PERPR], [PERAD], [PERCP], [PERVILLE], [PERTEL], [PERFAX], [PERML], [PERDN]) VALUES (18, 1, N'KLERSY', N'KARIM', N'45 RUE DE LA MEDITERRANEE', 66000, N'PERPIGNAN', NULL, NULL, N'', CAST(0x0000637E00000000 AS DateTime))
INSERT [dbo].[PERSONNE] ([PERCD], [CDCIV], [PERNM], [PERPR], [PERAD], [PERCP], [PERVILLE], [PERTEL], [PERFAX], [PERML], [PERDN]) VALUES (19, 1, N'FOURNIE', N'YVES', N'13 RUE DE L''ECHO', 59500, N'DOUAI', NULL, NULL, N'', CAST(0x0000748E00000000 AS DateTime))
INSERT [dbo].[PERSONNE] ([PERCD], [CDCIV], [PERNM], [PERPR], [PERAD], [PERCP], [PERVILLE], [PERTEL], [PERFAX], [PERML], [PERDN]) VALUES (20, 1, N'ALBERTO', N'RENE', N'15 RUE DU MOULIN', 78500, N'SARTROUVILLE', NULL, NULL, N'r.alberto@hotmail.fr', CAST(0x00005ECE00000000 AS DateTime))
INSERT [dbo].[PERSONNE] ([PERCD], [CDCIV], [PERNM], [PERPR], [PERAD], [PERCP], [PERVILLE], [PERTEL], [PERFAX], [PERML], [PERDN]) VALUES (21, 1, N'CARL', N'ZIDANE', N'12 RUE DE L''ABREUVOIR', 83600, N'FREJUS', NULL, NULL, N'', CAST(0x00006C1E00000000 AS DateTime))
INSERT [dbo].[PERSONNE] ([PERCD], [CDCIV], [PERNM], [PERPR], [PERAD], [PERCP], [PERVILLE], [PERTEL], [PERFAX], [PERML], [PERDN]) VALUES (22, 1, N'MEDINA', N'MOKHTAR', N'119 RUE DU FAUCON', 57600, N'FORBACH', NULL, NULL, N'', CAST(0x00006F5400000000 AS DateTime))
INSERT [dbo].[PERSONNE] ([PERCD], [CDCIV], [PERNM], [PERPR], [PERAD], [PERCP], [PERVILLE], [PERTEL], [PERFAX], [PERML], [PERDN]) VALUES (23, 3, N'HADDAD ', N'LAETITIA', N'14 AV FLANDRE', 91620, N'JUVISY SUR ORGE', NULL, NULL, N'', CAST(0x00006E3B00000000 AS DateTime))
INSERT [dbo].[PERSONNE] ([PERCD], [CDCIV], [PERNM], [PERPR], [PERAD], [PERCP], [PERVILLE], [PERTEL], [PERFAX], [PERML], [PERDN]) VALUES (24, 1, N'FONDEVILLE', N'FRANCOIS', N'89 RUE DE L''ARMEE', 25000, N'BESANCON', NULL, NULL, N'f.fondeville@gmail.com', CAST(0x0000746A00000000 AS DateTime))
INSERT [dbo].[PERSONNE] ([PERCD], [CDCIV], [PERNM], [PERPR], [PERAD], [PERCP], [PERVILLE], [PERTEL], [PERFAX], [PERML], [PERDN]) VALUES (25, 1, N'OUAISSA', N'AMAR', N'59 RUE DE LA PROVINCE', 17500, N'JONZAC', NULL, NULL, N'', CAST(0x0000705800000000 AS DateTime))
INSERT [dbo].[PERSONNE] ([PERCD], [CDCIV], [PERNM], [PERPR], [PERAD], [PERCP], [PERVILLE], [PERTEL], [PERFAX], [PERML], [PERDN]) VALUES (26, 1, N'COSTES', N'CHRISTIAN', N'235 AV DE L''ESPOIR', 37300, N'JOUE LES TOURS', NULL, NULL, N'', CAST(0x00006E7100000000 AS DateTime))
INSERT [dbo].[PERSONNE] ([PERCD], [CDCIV], [PERNM], [PERPR], [PERAD], [PERCP], [PERVILLE], [PERTEL], [PERFAX], [PERML], [PERDN]) VALUES (27, 2, N'AUBERT', N'SOPHIE', N'5 RUE DU FIL ROUGE', 49000, N'ANGERS', NULL, NULL, N'', CAST(0x00006EBD00000000 AS DateTime))
INSERT [dbo].[PERSONNE] ([PERCD], [CDCIV], [PERNM], [PERPR], [PERAD], [PERCP], [PERVILLE], [PERTEL], [PERFAX], [PERML], [PERDN]) VALUES (28, 2, N'BAZZARA', N'AURORE', N'', 13080, N'AIX EN PROVENCE', NULL, NULL, N'', CAST(0x0000663C00000000 AS DateTime))
INSERT [dbo].[PERSONNE] ([PERCD], [CDCIV], [PERNM], [PERPR], [PERAD], [PERCP], [PERVILLE], [PERTEL], [PERFAX], [PERML], [PERDN]) VALUES (29, 1, N'AZERTY', N'MICHEL', N'', 75012, N'PARIS', NULL, NULL, N'm.azerty@free.fr', CAST(0x00006AFF00000000 AS DateTime))
INSERT [dbo].[PERSONNE] ([PERCD], [CDCIV], [PERNM], [PERPR], [PERAD], [PERCP], [PERVILLE], [PERTEL], [PERFAX], [PERML], [PERDN]) VALUES (30, 1, N'MARINOT', N'ANTOINE', N'', 75008, N'PARIS', NULL, NULL, N'', CAST(0x00006B9C00000000 AS DateTime))
INSERT [dbo].[PERSONNE] ([PERCD], [CDCIV], [PERNM], [PERPR], [PERAD], [PERCP], [PERVILLE], [PERTEL], [PERFAX], [PERML], [PERDN]) VALUES (31, 2, N'CANTIN', N'JEANINE', N'256 ALLEE DES OISEAUX', 65000, N'TARBES', NULL, NULL, N'j.cantin@msn.com', CAST(0x000071F700000000 AS DateTime))
INSERT [dbo].[PERSONNE] ([PERCD], [CDCIV], [PERNM], [PERPR], [PERAD], [PERCP], [PERVILLE], [PERTEL], [PERFAX], [PERML], [PERDN]) VALUES (32, 1, N'NGUYEN', N'MICHEL', N'10 AV DE LA LIBERTE', NULL, N'MARSEILLE', NULL, NULL, N'', CAST(0x00006F0400000000 AS DateTime))
INSERT [dbo].[PERSONNE] ([PERCD], [CDCIV], [PERNM], [PERPR], [PERAD], [PERCP], [PERVILLE], [PERTEL], [PERFAX], [PERML], [PERDN]) VALUES (33, 3, N'PARKER', N'LAURA', N'', 54520, N'LAXOU', NULL, NULL, N'', CAST(0x00006F5800000000 AS DateTime))
INSERT [dbo].[PERSONNE] ([PERCD], [CDCIV], [PERNM], [PERPR], [PERAD], [PERCP], [PERVILLE], [PERTEL], [PERFAX], [PERML], [PERDN]) VALUES (34, 1, N'RODOMISTO', N'CHRISTOPHE', N'76 RUE FROUARD', 38000, N'GRENOBLE', NULL, NULL, N'', CAST(0x0000705E00000000 AS DateTime))
INSERT [dbo].[PERSONNE] ([PERCD], [CDCIV], [PERNM], [PERPR], [PERAD], [PERCP], [PERVILLE], [PERTEL], [PERFAX], [PERML], [PERDN]) VALUES (35, 2, N'AUGUSTIN ', N'MELANIE', N'', 54390, N'FROUARD', NULL, NULL, N'', CAST(0x0000614A00000000 AS DateTime))
INSERT [dbo].[PERSONNE] ([PERCD], [CDCIV], [PERNM], [PERPR], [PERAD], [PERCP], [PERVILLE], [PERTEL], [PERFAX], [PERML], [PERDN]) VALUES (36, 1, N'BANOUN', N'FRANCK', N'13 AV DE LA SPHERE', 97200, N'FORT DE France', NULL, NULL, N'f.banoun@free.fr', CAST(0x000073E900000000 AS DateTime))
INSERT [dbo].[PERSONNE] ([PERCD], [CDCIV], [PERNM], [PERPR], [PERAD], [PERCP], [PERVILLE], [PERTEL], [PERFAX], [PERML], [PERDN]) VALUES (37, 1, N'TCHANA', N'PATRICK', N'19 RUE DE L ALTITUDE', 17200, N'ROYAN', NULL, NULL, N'p.tchana@gmail.com', CAST(0x00006FB500000000 AS DateTime))
INSERT [dbo].[PERSONNE] ([PERCD], [CDCIV], [PERNM], [PERPR], [PERAD], [PERCP], [PERVILLE], [PERTEL], [PERFAX], [PERML], [PERDN]) VALUES (38, 3, N'CONNER', N'ALISON', N'', 33450, N'MONTUSAN', NULL, NULL, N'', CAST(0x00006A6C00000000 AS DateTime))
INSERT [dbo].[PERSONNE] ([PERCD], [CDCIV], [PERNM], [PERPR], [PERAD], [PERCP], [PERVILLE], [PERTEL], [PERFAX], [PERML], [PERDN]) VALUES (39, 1, N'DAVID', N'FELIX', N'', NULL, N'', NULL, NULL, N'', CAST(0x00006DB500000000 AS DateTime))
INSERT [dbo].[PERSONNE] ([PERCD], [CDCIV], [PERNM], [PERPR], [PERAD], [PERCP], [PERVILLE], [PERTEL], [PERFAX], [PERML], [PERDN]) VALUES (40, 2, N'BENSOUSS', N'JULIE', N'', 97224, N'DUCOS', NULL, NULL, N'', CAST(0x00006E6100000000 AS DateTime))
INSERT [dbo].[PERSONNE] ([PERCD], [CDCIV], [PERNM], [PERPR], [PERAD], [PERCP], [PERVILLE], [PERTEL], [PERFAX], [PERML], [PERDN]) VALUES (41, 2, N'BRETANIN', N'MARIE', N'56 RUE DE LA LORRAINE', 13004, N'MARSEILLE', NULL, NULL, N'm.bretanie@gmail.com', CAST(0x00006AEA00000000 AS DateTime))
INSERT [dbo].[PERSONNE] ([PERCD], [CDCIV], [PERNM], [PERPR], [PERAD], [PERCP], [PERVILLE], [PERTEL], [PERFAX], [PERML], [PERDN]) VALUES (42, 1, N'MAILLARD', N'ARNAUD', N'100 RUE DU TILLEUL', 37500, N'CHINON', NULL, NULL, N'', CAST(0x000070B100000000 AS DateTime))
INSERT [dbo].[PERSONNE] ([PERCD], [CDCIV], [PERNM], [PERPR], [PERAD], [PERCP], [PERVILLE], [PERTEL], [PERFAX], [PERML], [PERDN]) VALUES (43, 2, N'DUBRULLE', N'JULIETTE', N'13 RUE RENARD', NULL, N'', NULL, NULL, N'', CAST(0x00006E0C00000000 AS DateTime))
INSERT [dbo].[PERSONNE] ([PERCD], [CDCIV], [PERNM], [PERPR], [PERAD], [PERCP], [PERVILLE], [PERTEL], [PERFAX], [PERML], [PERDN]) VALUES (44, 1, N'LE DUFF', N'ISAAC', N'7 AV GENERAL DE GAULLE', NULL, N'', NULL, NULL, N'', CAST(0x00006CD700000000 AS DateTime))
INSERT [dbo].[PERSONNE] ([PERCD], [CDCIV], [PERNM], [PERPR], [PERAD], [PERCP], [PERVILLE], [PERTEL], [PERFAX], [PERML], [PERDN]) VALUES (45, 3, N'MEYNARD ', N'JESSICA', N'', NULL, N'', NULL, NULL, N'', CAST(0x000065B300000000 AS DateTime))
INSERT [dbo].[PERSONNE] ([PERCD], [CDCIV], [PERNM], [PERPR], [PERAD], [PERCP], [PERVILLE], [PERTEL], [PERFAX], [PERML], [PERDN]) VALUES (46, 2, N'HUC', N'ELISABETH', N'13 AV DE LA GRANDE ARMEE', 75019, N'PARIS', NULL, NULL, N'e.huc@free.fr', CAST(0x00006FC600000000 AS DateTime))
INSERT [dbo].[PERSONNE] ([PERCD], [CDCIV], [PERNM], [PERPR], [PERAD], [PERCP], [PERVILLE], [PERTEL], [PERFAX], [PERML], [PERDN]) VALUES (47, 3, N'LAURENCE', N'PEGGY', N'', 17500, N'JONZAC', NULL, NULL, N'', CAST(0x000066C200000000 AS DateTime))
INSERT [dbo].[PERSONNE] ([PERCD], [CDCIV], [PERNM], [PERPR], [PERAD], [PERCP], [PERVILLE], [PERTEL], [PERFAX], [PERML], [PERDN]) VALUES (48, 1, N'GARCIN', N'YOAN', N'', NULL, N'', NULL, NULL, N'', CAST(0x0000719500000000 AS DateTime))
INSERT [dbo].[PERSONNE] ([PERCD], [CDCIV], [PERNM], [PERPR], [PERAD], [PERCP], [PERVILLE], [PERTEL], [PERFAX], [PERML], [PERDN]) VALUES (49, 1, N'IDTALEB', N'ISMAEL', N'115 RUE CHATEAU NEUF', NULL, N'', NULL, NULL, N'', CAST(0x00006DBE00000000 AS DateTime))
INSERT [dbo].[PERSONNE] ([PERCD], [CDCIV], [PERNM], [PERPR], [PERAD], [PERCP], [PERVILLE], [PERTEL], [PERFAX], [PERML], [PERDN]) VALUES (50, 2, N'JAMET', N'FRANCINE', N'', 66600, N'PERILLOS', NULL, NULL, N'', CAST(0x000071BB00000000 AS DateTime))
INSERT [dbo].[PERSONNE] ([PERCD], [CDCIV], [PERNM], [PERPR], [PERAD], [PERCP], [PERVILLE], [PERTEL], [PERFAX], [PERML], [PERDN]) VALUES (51, 1, N'MAOUET', N'YVES', N'', 13009, N'MARSEILLE', NULL, NULL, N'y.maouet@yahoo.fr', CAST(0x00006B7400000000 AS DateTime))
/****** Object:  Table [dbo].[REGION]    Script Date: 03/10/2011 10:43:26 ******/
SET ANSI_NULLS ON
GO
SET QUOTED_IDENTIFIER ON
GO
SET ANSI_PADDING ON
GO
CREATE TABLE [dbo].[REGION](
	[CDREG] [int] NOT NULL,
	[PAYSID] [int] NOT NULL,
	[NMREG] [dbo].[libct] NOT NULL,
 CONSTRAINT [PK_REGION] PRIMARY KEY CLUSTERED 
(
	[CDREG] ASC
)WITH (PAD_INDEX  = OFF, STATISTICS_NORECOMPUTE  = OFF, IGNORE_DUP_KEY = OFF, ALLOW_ROW_LOCKS  = ON, ALLOW_PAGE_LOCKS  = ON) ON [PRIMARY]
) ON [PRIMARY]
GO
SET ANSI_PADDING OFF
GO
INSERT [dbo].[REGION] ([CDREG], [PAYSID], [NMREG]) VALUES (1, 11, N'Midlands de l''Ouest')
INSERT [dbo].[REGION] ([CDREG], [PAYSID], [NMREG]) VALUES (2, 11, N'Yorkshire et Humber')
INSERT [dbo].[REGION] ([CDREG], [PAYSID], [NMREG]) VALUES (3, 8, N'Bade-Wurtemberg')
INSERT [dbo].[REGION] ([CDREG], [PAYSID], [NMREG]) VALUES (4, 8, N'Basse-Saxe')
INSERT [dbo].[REGION] ([CDREG], [PAYSID], [NMREG]) VALUES (5, 8, N'Bavière')
INSERT [dbo].[REGION] ([CDREG], [PAYSID], [NMREG]) VALUES (6, 8, N'Berlin')
INSERT [dbo].[REGION] ([CDREG], [PAYSID], [NMREG]) VALUES (7, 8, N'Brandebourg')
INSERT [dbo].[REGION] ([CDREG], [PAYSID], [NMREG]) VALUES (8, 8, N'Brême')
INSERT [dbo].[REGION] ([CDREG], [PAYSID], [NMREG]) VALUES (9, 8, N'Hambourg')
INSERT [dbo].[REGION] ([CDREG], [PAYSID], [NMREG]) VALUES (10, 8, N'Hesse')
INSERT [dbo].[REGION] ([CDREG], [PAYSID], [NMREG]) VALUES (13, 8, N'Rhénanie-Palatinat')
INSERT [dbo].[REGION] ([CDREG], [PAYSID], [NMREG]) VALUES (14, 8, N'Sarre')
INSERT [dbo].[REGION] ([CDREG], [PAYSID], [NMREG]) VALUES (15, 8, N'Saxe')
INSERT [dbo].[REGION] ([CDREG], [PAYSID], [NMREG]) VALUES (16, 8, N'Schleswig-Holstein')
INSERT [dbo].[REGION] ([CDREG], [PAYSID], [NMREG]) VALUES (17, 8, N'Thuringe')
INSERT [dbo].[REGION] ([CDREG], [PAYSID], [NMREG]) VALUES (18, 12, N'Autriche de l''Est')
INSERT [dbo].[REGION] ([CDREG], [PAYSID], [NMREG]) VALUES (19, 12, N'Autriche du Sud')
INSERT [dbo].[REGION] ([CDREG], [PAYSID], [NMREG]) VALUES (20, 12, N'Autriche de l''Ouest')
INSERT [dbo].[REGION] ([CDREG], [PAYSID], [NMREG]) VALUES (21, 13, N'Nord')
INSERT [dbo].[REGION] ([CDREG], [PAYSID], [NMREG]) VALUES (22, 13, N'Est')
INSERT [dbo].[REGION] ([CDREG], [PAYSID], [NMREG]) VALUES (23, 13, N'Ouest')
INSERT [dbo].[REGION] ([CDREG], [PAYSID], [NMREG]) VALUES (24, 13, N'Sud')
/****** Object:  Table [dbo].[RENCONTRE]    Script Date: 03/10/2011 10:43:26 ******/
SET ANSI_NULLS ON
GO
SET QUOTED_IDENTIFIER ON
GO
SET ANSI_PADDING ON
GO
CREATE TABLE [dbo].[RENCONTRE](
	[CDREN] [int] NOT NULL,
	[PERCD] [int] NOT NULL,
	[PERIOID] [int] NOT NULL,
	[NMREN] [dbo].[libct] NOT NULL,
	[LIEUREN] [dbo].[libct] NOT NULL,
	[DATDEBREN] [datetime] NOT NULL,
	[DATFINREN] [datetime] NOT NULL,
	[NBPERREN] [int] NOT NULL,
 CONSTRAINT [PK_RENCONTRE] PRIMARY KEY CLUSTERED 
(
	[CDREN] ASC
)WITH (PAD_INDEX  = OFF, STATISTICS_NORECOMPUTE  = OFF, IGNORE_DUP_KEY = OFF, ALLOW_ROW_LOCKS  = ON, ALLOW_PAGE_LOCKS  = ON) ON [PRIMARY]
) ON [PRIMARY]
GO
SET ANSI_PADDING OFF
GO
INSERT [dbo].[RENCONTRE] ([CDREN], [PERCD], [PERIOID], [NMREN], [LIEUREN], [DATDEBREN], [DATFINREN], [NBPERREN]) VALUES (1, 1, 6, N'CANAL SOLEIL', N'NANCY', CAST(0x00009E8A00000000 AS DateTime), CAST(0x00009E8D00000000 AS DateTime), 1500)
INSERT [dbo].[RENCONTRE] ([CDREN], [PERCD], [PERIOID], [NMREN], [LIEUREN], [DATDEBREN], [DATFINREN], [NBPERREN]) VALUES (2, 6, 10, N'VIEILLES CHARRUES', N'BREST', CAST(0x00009FB700000000 AS DateTime), CAST(0x00009FBA00000000 AS DateTime), 2200)
INSERT [dbo].[RENCONTRE] ([CDREN], [PERCD], [PERIOID], [NMREN], [LIEUREN], [DATDEBREN], [DATFINREN], [NBPERREN]) VALUES (3, 11, 11, N'LES MUZIKELLES', N'PARIS', CAST(0x00009EFE00000000 AS DateTime), CAST(0x00009F0200000000 AS DateTime), 35000)
INSERT [dbo].[RENCONTRE] ([CDREN], [PERCD], [PERIOID], [NMREN], [LIEUREN], [DATDEBREN], [DATFINREN], [NBPERREN]) VALUES (4, 11, 10, N'REGGAE FESTIVALES', N'NARBONNE', CAST(0x00009F3600000000 AS DateTime), CAST(0x00009F3800000000 AS DateTime), 3000)
INSERT [dbo].[RENCONTRE] ([CDREN], [PERCD], [PERIOID], [NMREN], [LIEUREN], [DATDEBREN], [DATFINREN], [NBPERREN]) VALUES (5, 15, 10, N'JA''SOUND', N'METZ', CAST(0x00009E5F00000000 AS DateTime), CAST(0x00009E6300000000 AS DateTime), 4500)
INSERT [dbo].[RENCONTRE] ([CDREN], [PERCD], [PERIOID], [NMREN], [LIEUREN], [DATDEBREN], [DATFINREN], [NBPERREN]) VALUES (6, 17, 8, N'VOULSTOCK', N'CAEN', CAST(0x00009ECA00000000 AS DateTime), CAST(0x00009ECD00000000 AS DateTime), 18000)
INSERT [dbo].[RENCONTRE] ([CDREN], [PERCD], [PERIOID], [NMREN], [LIEUREN], [DATDEBREN], [DATFINREN], [NBPERREN]) VALUES (7, 20, 11, N'FIEST''A SETE', N'NICE', CAST(0x00009EDA00000000 AS DateTime), CAST(0x00009EDC00000000 AS DateTime), 25000)
INSERT [dbo].[RENCONTRE] ([CDREN], [PERCD], [PERIOID], [NMREN], [LIEUREN], [DATDEBREN], [DATFINREN], [NBPERREN]) VALUES (8, 24, 5, N'ENFERMES DEHORS', N'GRENOBLE', CAST(0x00009EB200000000 AS DateTime), CAST(0x00009EB500000000 AS DateTime), 7000)
INSERT [dbo].[RENCONTRE] ([CDREN], [PERCD], [PERIOID], [NMREN], [LIEUREN], [DATDEBREN], [DATFINREN], [NBPERREN]) VALUES (9, 31, 6, N'NUIT DE NACRE', N'TOULOUSE', CAST(0x00009EEA00000000 AS DateTime), CAST(0x00009EEC00000000 AS DateTime), 11000)
INSERT [dbo].[RENCONTRE] ([CDREN], [PERCD], [PERIOID], [NMREN], [LIEUREN], [DATDEBREN], [DATFINREN], [NBPERREN]) VALUES (10, 31, 10, N'TRAD HIVERNALES', N'MONTPELLIER', CAST(0x00009F9D00000000 AS DateTime), CAST(0x00009FA000000000 AS DateTime), 5000)
INSERT [dbo].[RENCONTRE] ([CDREN], [PERCD], [PERIOID], [NMREN], [LIEUREN], [DATDEBREN], [DATFINREN], [NBPERREN]) VALUES (11, 36, 11, N'CAP FESTIVAL', N'MARSEILLE', CAST(0x00009EF500000000 AS DateTime), CAST(0x00009EF800000000 AS DateTime), 6000)
INSERT [dbo].[RENCONTRE] ([CDREN], [PERCD], [PERIOID], [NMREN], [LIEUREN], [DATDEBREN], [DATFINREN], [NBPERREN]) VALUES (12, 37, 7, N'MOISSON ROCK', N'CHERBOURG', CAST(0x00009F8400000000 AS DateTime), CAST(0x00009F8900000000 AS DateTime), 30000)
INSERT [dbo].[RENCONTRE] ([CDREN], [PERCD], [PERIOID], [NMREN], [LIEUREN], [DATDEBREN], [DATFINREN], [NBPERREN]) VALUES (13, 41, 10, N'SCOPITONE', N'NANTES', CAST(0x00009F5600000000 AS DateTime), CAST(0x00009F5900000000 AS DateTime), 10000)
INSERT [dbo].[RENCONTRE] ([CDREN], [PERCD], [PERIOID], [NMREN], [LIEUREN], [DATDEBREN], [DATFINREN], [NBPERREN]) VALUES (14, 46, 9, N'PANTIERO', N'LYON', CAST(0x00009FAC00000000 AS DateTime), CAST(0x00009FAF00000000 AS DateTime), 8000)
INSERT [dbo].[RENCONTRE] ([CDREN], [PERCD], [PERIOID], [NMREN], [LIEUREN], [DATDEBREN], [DATFINREN], [NBPERREN]) VALUES (15, 17, 8, N'SALSA', N'SAINT ETIENNE', CAST(0x00009F6200000000 AS DateTime), CAST(0x00009F6800000000 AS DateTime), 20000)
/****** Object:  Table [dbo].[NECESSITE]    Script Date: 03/10/2011 10:43:26 ******/
SET ANSI_NULLS ON
GO
SET QUOTED_IDENTIFIER ON
GO
CREATE TABLE [dbo].[NECESSITE](
	[CDTITRE] [int] NOT NULL,
	[CDINSTU] [int] NOT NULL,
 CONSTRAINT [PK_NECESSITE] PRIMARY KEY CLUSTERED 
(
	[CDTITRE] ASC,
	[CDINSTU] ASC
)WITH (PAD_INDEX  = OFF, STATISTICS_NORECOMPUTE  = OFF, IGNORE_DUP_KEY = OFF, ALLOW_ROW_LOCKS  = ON, ALLOW_PAGE_LOCKS  = ON) ON [PRIMARY]
) ON [PRIMARY]
GO
/****** Object:  Table [dbo].[EST AUTEUR DE]    Script Date: 03/10/2011 10:43:26 ******/
SET ANSI_NULLS ON
GO
SET QUOTED_IDENTIFIER ON
GO
CREATE TABLE [dbo].[EST AUTEUR DE](
	[CDTITRE] [int] NOT NULL,
	[PERCD] [int] NOT NULL,
 CONSTRAINT [PK_EST AUTEUR DE] PRIMARY KEY CLUSTERED 
(
	[CDTITRE] ASC,
	[PERCD] ASC
)WITH (PAD_INDEX  = OFF, STATISTICS_NORECOMPUTE  = OFF, IGNORE_DUP_KEY = OFF, ALLOW_ROW_LOCKS  = ON, ALLOW_PAGE_LOCKS  = ON) ON [PRIMARY]
) ON [PRIMARY]
GO
INSERT [dbo].[EST AUTEUR DE] ([CDTITRE], [PERCD]) VALUES (1, 5)
INSERT [dbo].[EST AUTEUR DE] ([CDTITRE], [PERCD]) VALUES (2, 39)
INSERT [dbo].[EST AUTEUR DE] ([CDTITRE], [PERCD]) VALUES (3, 7)
INSERT [dbo].[EST AUTEUR DE] ([CDTITRE], [PERCD]) VALUES (4, 48)
INSERT [dbo].[EST AUTEUR DE] ([CDTITRE], [PERCD]) VALUES (5, 45)
INSERT [dbo].[EST AUTEUR DE] ([CDTITRE], [PERCD]) VALUES (6, 15)
INSERT [dbo].[EST AUTEUR DE] ([CDTITRE], [PERCD]) VALUES (7, 17)
INSERT [dbo].[EST AUTEUR DE] ([CDTITRE], [PERCD]) VALUES (8, 39)
INSERT [dbo].[EST AUTEUR DE] ([CDTITRE], [PERCD]) VALUES (9, 24)
INSERT [dbo].[EST AUTEUR DE] ([CDTITRE], [PERCD]) VALUES (10, 25)
INSERT [dbo].[EST AUTEUR DE] ([CDTITRE], [PERCD]) VALUES (11, 26)
INSERT [dbo].[EST AUTEUR DE] ([CDTITRE], [PERCD]) VALUES (12, 48)
INSERT [dbo].[EST AUTEUR DE] ([CDTITRE], [PERCD]) VALUES (13, 37)
INSERT [dbo].[EST AUTEUR DE] ([CDTITRE], [PERCD]) VALUES (14, 38)
INSERT [dbo].[EST AUTEUR DE] ([CDTITRE], [PERCD]) VALUES (15, 41)
INSERT [dbo].[EST AUTEUR DE] ([CDTITRE], [PERCD]) VALUES (16, 45)
INSERT [dbo].[EST AUTEUR DE] ([CDTITRE], [PERCD]) VALUES (17, 4)
INSERT [dbo].[EST AUTEUR DE] ([CDTITRE], [PERCD]) VALUES (18, 9)
INSERT [dbo].[EST AUTEUR DE] ([CDTITRE], [PERCD]) VALUES (19, 13)
INSERT [dbo].[EST AUTEUR DE] ([CDTITRE], [PERCD]) VALUES (20, 39)
INSERT [dbo].[EST AUTEUR DE] ([CDTITRE], [PERCD]) VALUES (21, 32)
INSERT [dbo].[EST AUTEUR DE] ([CDTITRE], [PERCD]) VALUES (22, 33)
INSERT [dbo].[EST AUTEUR DE] ([CDTITRE], [PERCD]) VALUES (23, 45)
INSERT [dbo].[EST AUTEUR DE] ([CDTITRE], [PERCD]) VALUES (24, 50)
INSERT [dbo].[EST AUTEUR DE] ([CDTITRE], [PERCD]) VALUES (25, 51)
/****** Object:  Table [dbo].[JOUE]    Script Date: 03/10/2011 10:43:26 ******/
SET ANSI_NULLS ON
GO
SET QUOTED_IDENTIFIER ON
GO
CREATE TABLE [dbo].[JOUE](
	[PERCD] [int] NOT NULL,
	[CDINSTU] [int] NOT NULL,
 CONSTRAINT [PK_JOUE] PRIMARY KEY CLUSTERED 
(
	[PERCD] ASC,
	[CDINSTU] ASC
)WITH (PAD_INDEX  = OFF, STATISTICS_NORECOMPUTE  = OFF, IGNORE_DUP_KEY = OFF, ALLOW_ROW_LOCKS  = ON, ALLOW_PAGE_LOCKS  = ON) ON [PRIMARY]
) ON [PRIMARY]
GO
INSERT [dbo].[JOUE] ([PERCD], [CDINSTU]) VALUES (2, 32)
INSERT [dbo].[JOUE] ([PERCD], [CDINSTU]) VALUES (4, 15)
INSERT [dbo].[JOUE] ([PERCD], [CDINSTU]) VALUES (4, 23)
INSERT [dbo].[JOUE] ([PERCD], [CDINSTU]) VALUES (4, 26)
INSERT [dbo].[JOUE] ([PERCD], [CDINSTU]) VALUES (5, 1)
INSERT [dbo].[JOUE] ([PERCD], [CDINSTU]) VALUES (5, 25)
INSERT [dbo].[JOUE] ([PERCD], [CDINSTU]) VALUES (5, 28)
INSERT [dbo].[JOUE] ([PERCD], [CDINSTU]) VALUES (6, 15)
INSERT [dbo].[JOUE] ([PERCD], [CDINSTU]) VALUES (6, 21)
INSERT [dbo].[JOUE] ([PERCD], [CDINSTU]) VALUES (6, 31)
INSERT [dbo].[JOUE] ([PERCD], [CDINSTU]) VALUES (6, 34)
INSERT [dbo].[JOUE] ([PERCD], [CDINSTU]) VALUES (7, 20)
INSERT [dbo].[JOUE] ([PERCD], [CDINSTU]) VALUES (8, 30)
INSERT [dbo].[JOUE] ([PERCD], [CDINSTU]) VALUES (9, 3)
INSERT [dbo].[JOUE] ([PERCD], [CDINSTU]) VALUES (9, 5)
INSERT [dbo].[JOUE] ([PERCD], [CDINSTU]) VALUES (9, 11)
INSERT [dbo].[JOUE] ([PERCD], [CDINSTU]) VALUES (10, 2)
INSERT [dbo].[JOUE] ([PERCD], [CDINSTU]) VALUES (10, 3)
INSERT [dbo].[JOUE] ([PERCD], [CDINSTU]) VALUES (11, 34)
INSERT [dbo].[JOUE] ([PERCD], [CDINSTU]) VALUES (12, 9)
INSERT [dbo].[JOUE] ([PERCD], [CDINSTU]) VALUES (13, 29)
INSERT [dbo].[JOUE] ([PERCD], [CDINSTU]) VALUES (13, 34)
INSERT [dbo].[JOUE] ([PERCD], [CDINSTU]) VALUES (14, 8)
INSERT [dbo].[JOUE] ([PERCD], [CDINSTU]) VALUES (14, 26)
INSERT [dbo].[JOUE] ([PERCD], [CDINSTU]) VALUES (15, 1)
INSERT [dbo].[JOUE] ([PERCD], [CDINSTU]) VALUES (16, 19)
INSERT [dbo].[JOUE] ([PERCD], [CDINSTU]) VALUES (18, 2)
INSERT [dbo].[JOUE] ([PERCD], [CDINSTU]) VALUES (18, 4)
INSERT [dbo].[JOUE] ([PERCD], [CDINSTU]) VALUES (18, 8)
INSERT [dbo].[JOUE] ([PERCD], [CDINSTU]) VALUES (19, 28)
INSERT [dbo].[JOUE] ([PERCD], [CDINSTU]) VALUES (20, 2)
INSERT [dbo].[JOUE] ([PERCD], [CDINSTU]) VALUES (20, 25)
INSERT [dbo].[JOUE] ([PERCD], [CDINSTU]) VALUES (22, 17)
INSERT [dbo].[JOUE] ([PERCD], [CDINSTU]) VALUES (23, 17)
INSERT [dbo].[JOUE] ([PERCD], [CDINSTU]) VALUES (23, 21)
INSERT [dbo].[JOUE] ([PERCD], [CDINSTU]) VALUES (23, 24)
INSERT [dbo].[JOUE] ([PERCD], [CDINSTU]) VALUES (24, 1)
INSERT [dbo].[JOUE] ([PERCD], [CDINSTU]) VALUES (24, 5)
INSERT [dbo].[JOUE] ([PERCD], [CDINSTU]) VALUES (25, 8)
INSERT [dbo].[JOUE] ([PERCD], [CDINSTU]) VALUES (25, 10)
INSERT [dbo].[JOUE] ([PERCD], [CDINSTU]) VALUES (25, 18)
INSERT [dbo].[JOUE] ([PERCD], [CDINSTU]) VALUES (26, 1)
INSERT [dbo].[JOUE] ([PERCD], [CDINSTU]) VALUES (26, 4)
INSERT [dbo].[JOUE] ([PERCD], [CDINSTU]) VALUES (27, 11)
INSERT [dbo].[JOUE] ([PERCD], [CDINSTU]) VALUES (27, 27)
INSERT [dbo].[JOUE] ([PERCD], [CDINSTU]) VALUES (28, 20)
INSERT [dbo].[JOUE] ([PERCD], [CDINSTU]) VALUES (28, 31)
INSERT [dbo].[JOUE] ([PERCD], [CDINSTU]) VALUES (29, 8)
INSERT [dbo].[JOUE] ([PERCD], [CDINSTU]) VALUES (30, 17)
INSERT [dbo].[JOUE] ([PERCD], [CDINSTU]) VALUES (30, 20)
INSERT [dbo].[JOUE] ([PERCD], [CDINSTU]) VALUES (31, 23)
INSERT [dbo].[JOUE] ([PERCD], [CDINSTU]) VALUES (32, 22)
INSERT [dbo].[JOUE] ([PERCD], [CDINSTU]) VALUES (33, 17)
INSERT [dbo].[JOUE] ([PERCD], [CDINSTU]) VALUES (33, 23)
INSERT [dbo].[JOUE] ([PERCD], [CDINSTU]) VALUES (33, 33)
INSERT [dbo].[JOUE] ([PERCD], [CDINSTU]) VALUES (35, 16)
INSERT [dbo].[JOUE] ([PERCD], [CDINSTU]) VALUES (37, 14)
INSERT [dbo].[JOUE] ([PERCD], [CDINSTU]) VALUES (37, 33)
INSERT [dbo].[JOUE] ([PERCD], [CDINSTU]) VALUES (38, 21)
INSERT [dbo].[JOUE] ([PERCD], [CDINSTU]) VALUES (40, 18)
INSERT [dbo].[JOUE] ([PERCD], [CDINSTU]) VALUES (41, 7)
INSERT [dbo].[JOUE] ([PERCD], [CDINSTU]) VALUES (43, 18)
INSERT [dbo].[JOUE] ([PERCD], [CDINSTU]) VALUES (43, 20)
INSERT [dbo].[JOUE] ([PERCD], [CDINSTU]) VALUES (44, 16)
INSERT [dbo].[JOUE] ([PERCD], [CDINSTU]) VALUES (44, 17)
INSERT [dbo].[JOUE] ([PERCD], [CDINSTU]) VALUES (44, 23)
INSERT [dbo].[JOUE] ([PERCD], [CDINSTU]) VALUES (45, 1)
INSERT [dbo].[JOUE] ([PERCD], [CDINSTU]) VALUES (45, 7)
INSERT [dbo].[JOUE] ([PERCD], [CDINSTU]) VALUES (45, 20)
INSERT [dbo].[JOUE] ([PERCD], [CDINSTU]) VALUES (45, 21)
INSERT [dbo].[JOUE] ([PERCD], [CDINSTU]) VALUES (46, 12)
INSERT [dbo].[JOUE] ([PERCD], [CDINSTU]) VALUES (47, 2)
INSERT [dbo].[JOUE] ([PERCD], [CDINSTU]) VALUES (47, 34)
INSERT [dbo].[JOUE] ([PERCD], [CDINSTU]) VALUES (48, 6)
INSERT [dbo].[JOUE] ([PERCD], [CDINSTU]) VALUES (49, 4)
INSERT [dbo].[JOUE] ([PERCD], [CDINSTU]) VALUES (49, 12)
INSERT [dbo].[JOUE] ([PERCD], [CDINSTU]) VALUES (50, 13)
INSERT [dbo].[JOUE] ([PERCD], [CDINSTU]) VALUES (50, 25)
INSERT [dbo].[JOUE] ([PERCD], [CDINSTU]) VALUES (51, 27)
INSERT [dbo].[JOUE] ([PERCD], [CDINSTU]) VALUES (51, 31)
/****** Object:  Table [dbo].[GROUPE]    Script Date: 03/10/2011 10:43:26 ******/
SET ANSI_NULLS ON
GO
SET QUOTED_IDENTIFIER ON
GO
SET ANSI_PADDING ON
GO
CREATE TABLE [dbo].[GROUPE](
	[CDGROUP] [int] NOT NULL,
	[PERCD] [int] NOT NULL,
	[NMGROUP] [dbo].[liblg] NOT NULL,
 CONSTRAINT [PK_GROUPE] PRIMARY KEY CLUSTERED 
(
	[CDGROUP] ASC
)WITH (PAD_INDEX  = OFF, STATISTICS_NORECOMPUTE  = OFF, IGNORE_DUP_KEY = OFF, ALLOW_ROW_LOCKS  = ON, ALLOW_PAGE_LOCKS  = ON) ON [PRIMARY]
) ON [PRIMARY]
GO
SET ANSI_PADDING OFF
GO
INSERT [dbo].[GROUPE] ([CDGROUP], [PERCD], [NMGROUP]) VALUES (3, 11, N'The Beatles')
INSERT [dbo].[GROUPE] ([CDGROUP], [PERCD], [NMGROUP]) VALUES (4, 15, N'La mano negra')
INSERT [dbo].[GROUPE] ([CDGROUP], [PERCD], [NMGROUP]) VALUES (5, 17, N'Louise Attaque')
INSERT [dbo].[GROUPE] ([CDGROUP], [PERCD], [NMGROUP]) VALUES (6, 20, N'Abba')
INSERT [dbo].[GROUPE] ([CDGROUP], [PERCD], [NMGROUP]) VALUES (7, 24, N'Killer bees')
INSERT [dbo].[GROUPE] ([CDGROUP], [PERCD], [NMGROUP]) VALUES (8, 31, N'Myslovitz')
INSERT [dbo].[GROUPE] ([CDGROUP], [PERCD], [NMGROUP]) VALUES (9, 36, N'Mecano')
INSERT [dbo].[GROUPE] ([CDGROUP], [PERCD], [NMGROUP]) VALUES (10, 37, N'Début de soirée')
INSERT [dbo].[GROUPE] ([CDGROUP], [PERCD], [NMGROUP]) VALUES (11, 41, N'Il était une fois')
INSERT [dbo].[GROUPE] ([CDGROUP], [PERCD], [NMGROUP]) VALUES (12, 46, N'The supremes')
INSERT [dbo].[GROUPE] ([CDGROUP], [PERCD], [NMGROUP]) VALUES (13, 1, N'The blues brothers')
INSERT [dbo].[GROUPE] ([CDGROUP], [PERCD], [NMGROUP]) VALUES (14, 6, N'Tri Yann')
INSERT [dbo].[GROUPE] ([CDGROUP], [PERCD], [NMGROUP]) VALUES (15, 11, N'Johnny Hallyday')
INSERT [dbo].[GROUPE] ([CDGROUP], [PERCD], [NMGROUP]) VALUES (16, 15, N'Daft punk')
INSERT [dbo].[GROUPE] ([CDGROUP], [PERCD], [NMGROUP]) VALUES (17, 17, N'Los Portos')
INSERT [dbo].[GROUPE] ([CDGROUP], [PERCD], [NMGROUP]) VALUES (18, 20, N'Lady punk')
INSERT [dbo].[GROUPE] ([CDGROUP], [PERCD], [NMGROUP]) VALUES (19, 24, N'Afpa Max')
INSERT [dbo].[GROUPE] ([CDGROUP], [PERCD], [NMGROUP]) VALUES (20, 31, N'La bande à Bono')
INSERT [dbo].[GROUPE] ([CDGROUP], [PERCD], [NMGROUP]) VALUES (21, 36, N'Tokyo Hotel')
INSERT [dbo].[GROUPE] ([CDGROUP], [PERCD], [NMGROUP]) VALUES (22, 37, N'Mississipi burning')
INSERT [dbo].[GROUPE] ([CDGROUP], [PERCD], [NMGROUP]) VALUES (23, 41, N'Chocolate box')
INSERT [dbo].[GROUPE] ([CDGROUP], [PERCD], [NMGROUP]) VALUES (24, 46, N'Fingers in the nose')
INSERT [dbo].[GROUPE] ([CDGROUP], [PERCD], [NMGROUP]) VALUES (25, 1, N'Demonic turtle')
INSERT [dbo].[GROUPE] ([CDGROUP], [PERCD], [NMGROUP]) VALUES (26, 6, N'Donde esta la fiesta ?')
INSERT [dbo].[GROUPE] ([CDGROUP], [PERCD], [NMGROUP]) VALUES (27, 11, N'Simple minds')
INSERT [dbo].[GROUPE] ([CDGROUP], [PERCD], [NMGROUP]) VALUES (28, 31, N'MCD do dupy !')
INSERT [dbo].[GROUPE] ([CDGROUP], [PERCD], [NMGROUP]) VALUES (29, 36, N'Les tambours du Bronx')
INSERT [dbo].[GROUPE] ([CDGROUP], [PERCD], [NMGROUP]) VALUES (30, 37, N'Alea jacta est')
/****** Object:  Table [dbo].[PASSAGE]    Script Date: 03/10/2011 10:43:26 ******/
SET ANSI_NULLS ON
GO
SET QUOTED_IDENTIFIER ON
GO
SET ANSI_PADDING ON
GO
CREATE TABLE [dbo].[PASSAGE](
	[PASSID] [int] NOT NULL,
	[CDGROUP] [int] NOT NULL,
	[CDREN] [int] NOT NULL,
	[DATPASSGR] [datetime] NOT NULL,
	[HDEBPASSGR] [time](7) NOT NULL,
	[HFINPASSGR] [time](7) NOT NULL,
	[LIEUPASSGR] [dbo].[liblg] NOT NULL,
 CONSTRAINT [PK_PASSAGE] PRIMARY KEY CLUSTERED 
(
	[PASSID] ASC
)WITH (PAD_INDEX  = OFF, STATISTICS_NORECOMPUTE  = OFF, IGNORE_DUP_KEY = OFF, ALLOW_ROW_LOCKS  = ON, ALLOW_PAGE_LOCKS  = ON) ON [PRIMARY]
) ON [PRIMARY]
GO
SET ANSI_PADDING OFF
GO
INSERT [dbo].[PASSAGE] ([PASSID], [CDGROUP], [CDREN], [DATPASSGR], [HDEBPASSGR], [HFINPASSGR], [LIEUPASSGR]) VALUES (1, 19, 1, CAST(0x00009FF700000000 AS DateTime), CAST(0x0700B0BD58750000 AS Time), CAST(0x07001882BA7D0000 AS Time), N'Salle des Fêtes Vandoeuvre')
INSERT [dbo].[PASSAGE] ([PASSID], [CDGROUP], [CDREN], [DATPASSGR], [HDEBPASSGR], [HFINPASSGR], [LIEUPASSGR]) VALUES (2, 30, 1, CAST(0x00009FF700000000 AS DateTime), CAST(0x07004C64EB810000 AS Time), CAST(0x0700CE99658C0000 AS Time), N'Zénith de Nancy')
INSERT [dbo].[PASSAGE] ([PASSID], [CDGROUP], [CDREN], [DATPASSGR], [HDEBPASSGR], [HFINPASSGR], [LIEUPASSGR]) VALUES (3, 9, 1, CAST(0x00009FF700000000 AS DateTime), CAST(0x070084B1109B0000 AS Time), CAST(0x07002058A3A70000 AS Time), N'Le Quai''son')
INSERT [dbo].[PASSAGE] ([PASSID], [CDGROUP], [CDREN], [DATPASSGR], [HDEBPASSGR], [HFINPASSGR], [LIEUPASSGR]) VALUES (4, 20, 1, CAST(0x00009FFA00000000 AS DateTime), CAST(0x0700881C05B00000 AS Time), CAST(0x07008C87F9C40000 AS Time), N'Zénith de Nancy')
INSERT [dbo].[PASSAGE] ([PASSID], [CDGROUP], [CDREN], [DATPASSGR], [HDEBPASSGR], [HFINPASSGR], [LIEUPASSGR]) VALUES (5, 18, 1, CAST(0x00009FFA00000000 AS DateTime), CAST(0x070080461C860000 AS Time), CAST(0x0700CE99658C0000 AS Time), N'Salle des Fêtes Villerupt')
INSERT [dbo].[PASSAGE] ([PASSID], [CDGROUP], [CDREN], [DATPASSGR], [HDEBPASSGR], [HFINPASSGR], [LIEUPASSGR]) VALUES (6, 13, 1, CAST(0x00009FFA00000000 AS DateTime), CAST(0x07006EABECAD0000 AS Time), CAST(0x07007AA606C90000 AS Time), N'Zénith de Nancy')
INSERT [dbo].[PASSAGE] ([PASSID], [CDGROUP], [CDREN], [DATPASSGR], [HDEBPASSGR], [HFINPASSGR], [LIEUPASSGR]) VALUES (7, 17, 2, CAST(0x00009FB700000000 AS DateTime), CAST(0x07002058A3A70000 AS Time), CAST(0x0700BCFE35B40000 AS Time), N'Le Quartz')
INSERT [dbo].[PASSAGE] ([PASSID], [CDGROUP], [CDREN], [DATPASSGR], [HDEBPASSGR], [HFINPASSGR], [LIEUPASSGR]) VALUES (8, 14, 2, CAST(0x00009FB900000000 AS DateTime), CAST(0x0700D66F4EB60000 AS Time), CAST(0x070058A5C8C00000 AS Time), N'Penn Ar Jazz')
INSERT [dbo].[PASSAGE] ([PASSID], [CDGROUP], [CDREN], [DATPASSGR], [HDEBPASSGR], [HFINPASSGR], [LIEUPASSGR]) VALUES (9, 6, 2, CAST(0x00009FBA00000000 AS DateTime), CAST(0x070080461C860000 AS Time), CAST(0x070084B1109B0000 AS Time), N'Penfeld Parc Expo')
INSERT [dbo].[PASSAGE] ([PASSID], [CDGROUP], [CDREN], [DATPASSGR], [HDEBPASSGR], [HFINPASSGR], [LIEUPASSGR]) VALUES (10, 5, 2, CAST(0x0000917600000000 AS DateTime), CAST(0x07002058A3A70000 AS Time), CAST(0x0700F0E066B80000 AS Time), N'Parc Expo Penvillers - Quimper')
INSERT [dbo].[PASSAGE] ([PASSID], [CDGROUP], [CDREN], [DATPASSGR], [HDEBPASSGR], [HFINPASSGR], [LIEUPASSGR]) VALUES (11, 6, 3, CAST(0x00009EFE00000000 AS DateTime), CAST(0x0700B0BD58750000 AS Time), CAST(0x0700EE9338810000 AS Time), N'Café de la Danse - 11ème')
INSERT [dbo].[PASSAGE] ([PASSID], [CDGROUP], [CDREN], [DATPASSGR], [HDEBPASSGR], [HFINPASSGR], [LIEUPASSGR]) VALUES (12, 4, 3, CAST(0x00009EFE00000000 AS DateTime), CAST(0x070050CFDF960000 AS Time), CAST(0x0700543AD4AB0000 AS Time), N'La Cigale -18ème')
INSERT [dbo].[PASSAGE] ([PASSID], [CDGROUP], [CDREN], [DATPASSGR], [HDEBPASSGR], [HFINPASSGR], [LIEUPASSGR]) VALUES (13, 16, 3, CAST(0x00009EFE00000000 AS DateTime), CAST(0x0700BCFE35B40000 AS Time), CAST(0x070058A5C8C00000 AS Time), N'Zénith de Paris')
INSERT [dbo].[PASSAGE] ([PASSID], [CDGROUP], [CDREN], [DATPASSGR], [HDEBPASSGR], [HFINPASSGR], [LIEUPASSGR]) VALUES (14, 16, 3, CAST(0x00009F0100000000 AS DateTime), CAST(0x07002058A3A70000 AS Time), CAST(0x0700F0E066B80000 AS Time), N'Zénith de Paris')
INSERT [dbo].[PASSAGE] ([PASSID], [CDGROUP], [CDREN], [DATPASSGR], [HDEBPASSGR], [HFINPASSGR], [LIEUPASSGR]) VALUES (15, 16, 3, CAST(0x00009F0200000000 AS DateTime), CAST(0x07002058A3A70000 AS Time), CAST(0x0700F0E066B80000 AS Time), N'Zénith de Paris')
INSERT [dbo].[PASSAGE] ([PASSID], [CDGROUP], [CDREN], [DATPASSGR], [HDEBPASSGR], [HFINPASSGR], [LIEUPASSGR]) VALUES (16, 21, 4, CAST(0x00009F3600000000 AS DateTime), CAST(0x0700543AD4AB0000 AS Time), CAST(0x0700F0E066B80000 AS Time), N'Théâtre de Narbonne')
INSERT [dbo].[PASSAGE] ([PASSID], [CDGROUP], [CDREN], [DATPASSGR], [HDEBPASSGR], [HFINPASSGR], [LIEUPASSGR]) VALUES (17, 22, 4, CAST(0x00009F3700000000 AS DateTime), CAST(0x0700BCFE35B40000 AS Time), CAST(0x070058A5C8C00000 AS Time), N'Théâtre de Narbonne')
INSERT [dbo].[PASSAGE] ([PASSID], [CDGROUP], [CDREN], [DATPASSGR], [HDEBPASSGR], [HFINPASSGR], [LIEUPASSGR]) VALUES (18, 14, 4, CAST(0x00009F3800000000 AS DateTime), CAST(0x070024C397BC0000 AS Time), CAST(0x0700000000000000 AS Time), N'Théâtre de Narbonne')
INSERT [dbo].[PASSAGE] ([PASSID], [CDGROUP], [CDREN], [DATPASSGR], [HDEBPASSGR], [HFINPASSGR], [LIEUPASSGR]) VALUES (19, 16, 10, CAST(0x00009F9D00000000 AS DateTime), CAST(0x070076526D7E0000 AS Time), CAST(0x070080461C860000 AS Time), N'Zénith de Montpellier')
INSERT [dbo].[PASSAGE] ([PASSID], [CDGROUP], [CDREN], [DATPASSGR], [HDEBPASSGR], [HFINPASSGR], [LIEUPASSGR]) VALUES (20, 15, 10, CAST(0x00009FA000000000 AS DateTime), CAST(0x07002058A3A70000 AS Time), CAST(0x0700F0E066B80000 AS Time), N'Zénith de Montpellier')
INSERT [dbo].[PASSAGE] ([PASSID], [CDGROUP], [CDREN], [DATPASSGR], [HDEBPASSGR], [HFINPASSGR], [LIEUPASSGR]) VALUES (21, 30, 13, CAST(0x00009F5600000000 AS DateTime), CAST(0x07002058A3A70000 AS Time), CAST(0x0700BCFE35B40000 AS Time), N'Le TNT - Nantes')
INSERT [dbo].[PASSAGE] ([PASSID], [CDGROUP], [CDREN], [DATPASSGR], [HDEBPASSGR], [HFINPASSGR], [LIEUPASSGR]) VALUES (22, 14, 13, CAST(0x00009F5900000000 AS DateTime), CAST(0x07002058A3A70000 AS Time), CAST(0x0700F0E066B80000 AS Time), N'Zénith de Nantes')
INSERT [dbo].[PASSAGE] ([PASSID], [CDGROUP], [CDREN], [DATPASSGR], [HDEBPASSGR], [HFINPASSGR], [LIEUPASSGR]) VALUES (23, 28, 15, CAST(0x00009F6200000000 AS DateTime), CAST(0x07002058A3A70000 AS Time), CAST(0x0700F0E066B80000 AS Time), N'Parc des Expos - St-Etienne')
INSERT [dbo].[PASSAGE] ([PASSID], [CDGROUP], [CDREN], [DATPASSGR], [HDEBPASSGR], [HFINPASSGR], [LIEUPASSGR]) VALUES (24, 15, 15, CAST(0x00009F6800000000 AS DateTime), CAST(0x0700BCFE35B40000 AS Time), CAST(0x070058A5C8C00000 AS Time), N'Zénith de Saint-Etienne')
/****** Object:  Table [dbo].[OCCUPE]    Script Date: 03/10/2011 10:43:26 ******/
SET ANSI_NULLS ON
GO
SET QUOTED_IDENTIFIER ON
GO
CREATE TABLE [dbo].[OCCUPE](
	[CDGROUP] [int] NOT NULL,
	[CDRES] [int] NOT NULL,
	[PERCD] [int] NOT NULL,
 CONSTRAINT [PK_OCCUPE] PRIMARY KEY CLUSTERED 
(
	[CDGROUP] ASC,
	[CDRES] ASC,
	[PERCD] ASC
)WITH (PAD_INDEX  = OFF, STATISTICS_NORECOMPUTE  = OFF, IGNORE_DUP_KEY = OFF, ALLOW_ROW_LOCKS  = ON, ALLOW_PAGE_LOCKS  = ON) ON [PRIMARY]
) ON [PRIMARY]
GO
INSERT [dbo].[OCCUPE] ([CDGROUP], [CDRES], [PERCD]) VALUES (3, 1, 20)
INSERT [dbo].[OCCUPE] ([CDGROUP], [CDRES], [PERCD]) VALUES (3, 2, 34)
INSERT [dbo].[OCCUPE] ([CDGROUP], [CDRES], [PERCD]) VALUES (3, 3, 16)
INSERT [dbo].[OCCUPE] ([CDGROUP], [CDRES], [PERCD]) VALUES (4, 1, 33)
INSERT [dbo].[OCCUPE] ([CDGROUP], [CDRES], [PERCD]) VALUES (4, 2, 50)
INSERT [dbo].[OCCUPE] ([CDGROUP], [CDRES], [PERCD]) VALUES (4, 3, 9)
INSERT [dbo].[OCCUPE] ([CDGROUP], [CDRES], [PERCD]) VALUES (5, 1, 2)
INSERT [dbo].[OCCUPE] ([CDGROUP], [CDRES], [PERCD]) VALUES (5, 2, 30)
INSERT [dbo].[OCCUPE] ([CDGROUP], [CDRES], [PERCD]) VALUES (5, 3, 34)
INSERT [dbo].[OCCUPE] ([CDGROUP], [CDRES], [PERCD]) VALUES (5, 4, 14)
INSERT [dbo].[OCCUPE] ([CDGROUP], [CDRES], [PERCD]) VALUES (6, 1, 51)
INSERT [dbo].[OCCUPE] ([CDGROUP], [CDRES], [PERCD]) VALUES (6, 2, 41)
INSERT [dbo].[OCCUPE] ([CDGROUP], [CDRES], [PERCD]) VALUES (6, 3, 27)
INSERT [dbo].[OCCUPE] ([CDGROUP], [CDRES], [PERCD]) VALUES (6, 4, 38)
INSERT [dbo].[OCCUPE] ([CDGROUP], [CDRES], [PERCD]) VALUES (7, 1, 44)
INSERT [dbo].[OCCUPE] ([CDGROUP], [CDRES], [PERCD]) VALUES (8, 1, 42)
INSERT [dbo].[OCCUPE] ([CDGROUP], [CDRES], [PERCD]) VALUES (8, 2, 2)
INSERT [dbo].[OCCUPE] ([CDGROUP], [CDRES], [PERCD]) VALUES (8, 3, 18)
INSERT [dbo].[OCCUPE] ([CDGROUP], [CDRES], [PERCD]) VALUES (9, 1, 22)
INSERT [dbo].[OCCUPE] ([CDGROUP], [CDRES], [PERCD]) VALUES (9, 2, 12)
INSERT [dbo].[OCCUPE] ([CDGROUP], [CDRES], [PERCD]) VALUES (9, 3, 43)
INSERT [dbo].[OCCUPE] ([CDGROUP], [CDRES], [PERCD]) VALUES (10, 1, 20)
INSERT [dbo].[OCCUPE] ([CDGROUP], [CDRES], [PERCD]) VALUES (10, 2, 16)
INSERT [dbo].[OCCUPE] ([CDGROUP], [CDRES], [PERCD]) VALUES (10, 3, 35)
INSERT [dbo].[OCCUPE] ([CDGROUP], [CDRES], [PERCD]) VALUES (11, 1, 18)
INSERT [dbo].[OCCUPE] ([CDGROUP], [CDRES], [PERCD]) VALUES (12, 1, 23)
INSERT [dbo].[OCCUPE] ([CDGROUP], [CDRES], [PERCD]) VALUES (12, 2, 11)
INSERT [dbo].[OCCUPE] ([CDGROUP], [CDRES], [PERCD]) VALUES (12, 3, 28)
INSERT [dbo].[OCCUPE] ([CDGROUP], [CDRES], [PERCD]) VALUES (13, 1, 50)
INSERT [dbo].[OCCUPE] ([CDGROUP], [CDRES], [PERCD]) VALUES (13, 2, 35)
INSERT [dbo].[OCCUPE] ([CDGROUP], [CDRES], [PERCD]) VALUES (13, 3, 48)
INSERT [dbo].[OCCUPE] ([CDGROUP], [CDRES], [PERCD]) VALUES (13, 4, 33)
INSERT [dbo].[OCCUPE] ([CDGROUP], [CDRES], [PERCD]) VALUES (13, 5, 32)
INSERT [dbo].[OCCUPE] ([CDGROUP], [CDRES], [PERCD]) VALUES (13, 6, 39)
INSERT [dbo].[OCCUPE] ([CDGROUP], [CDRES], [PERCD]) VALUES (14, 1, 2)
INSERT [dbo].[OCCUPE] ([CDGROUP], [CDRES], [PERCD]) VALUES (15, 1, 9)
INSERT [dbo].[OCCUPE] ([CDGROUP], [CDRES], [PERCD]) VALUES (15, 2, 5)
INSERT [dbo].[OCCUPE] ([CDGROUP], [CDRES], [PERCD]) VALUES (15, 3, 17)
INSERT [dbo].[OCCUPE] ([CDGROUP], [CDRES], [PERCD]) VALUES (15, 4, 38)
INSERT [dbo].[OCCUPE] ([CDGROUP], [CDRES], [PERCD]) VALUES (16, 1, 32)
INSERT [dbo].[OCCUPE] ([CDGROUP], [CDRES], [PERCD]) VALUES (16, 2, 50)
INSERT [dbo].[OCCUPE] ([CDGROUP], [CDRES], [PERCD]) VALUES (17, 1, 34)
INSERT [dbo].[OCCUPE] ([CDGROUP], [CDRES], [PERCD]) VALUES (17, 3, 15)
INSERT [dbo].[OCCUPE] ([CDGROUP], [CDRES], [PERCD]) VALUES (17, 4, 32)
INSERT [dbo].[OCCUPE] ([CDGROUP], [CDRES], [PERCD]) VALUES (17, 5, 48)
INSERT [dbo].[OCCUPE] ([CDGROUP], [CDRES], [PERCD]) VALUES (17, 6, 2)
INSERT [dbo].[OCCUPE] ([CDGROUP], [CDRES], [PERCD]) VALUES (18, 1, 25)
INSERT [dbo].[OCCUPE] ([CDGROUP], [CDRES], [PERCD]) VALUES (18, 2, 38)
INSERT [dbo].[OCCUPE] ([CDGROUP], [CDRES], [PERCD]) VALUES (18, 3, 4)
INSERT [dbo].[OCCUPE] ([CDGROUP], [CDRES], [PERCD]) VALUES (18, 4, 40)
INSERT [dbo].[OCCUPE] ([CDGROUP], [CDRES], [PERCD]) VALUES (18, 13, 11)
INSERT [dbo].[OCCUPE] ([CDGROUP], [CDRES], [PERCD]) VALUES (19, 2, 26)
INSERT [dbo].[OCCUPE] ([CDGROUP], [CDRES], [PERCD]) VALUES (19, 3, 34)
INSERT [dbo].[OCCUPE] ([CDGROUP], [CDRES], [PERCD]) VALUES (20, 1, 48)
INSERT [dbo].[OCCUPE] ([CDGROUP], [CDRES], [PERCD]) VALUES (20, 2, 44)
INSERT [dbo].[OCCUPE] ([CDGROUP], [CDRES], [PERCD]) VALUES (20, 2, 49)
INSERT [dbo].[OCCUPE] ([CDGROUP], [CDRES], [PERCD]) VALUES (20, 3, 47)
INSERT [dbo].[OCCUPE] ([CDGROUP], [CDRES], [PERCD]) VALUES (20, 4, 9)
INSERT [dbo].[OCCUPE] ([CDGROUP], [CDRES], [PERCD]) VALUES (20, 5, 9)
INSERT [dbo].[OCCUPE] ([CDGROUP], [CDRES], [PERCD]) VALUES (20, 6, 47)
INSERT [dbo].[OCCUPE] ([CDGROUP], [CDRES], [PERCD]) VALUES (21, 1, 2)
INSERT [dbo].[OCCUPE] ([CDGROUP], [CDRES], [PERCD]) VALUES (21, 2, 26)
INSERT [dbo].[OCCUPE] ([CDGROUP], [CDRES], [PERCD]) VALUES (22, 2, 9)
INSERT [dbo].[OCCUPE] ([CDGROUP], [CDRES], [PERCD]) VALUES (22, 3, 9)
INSERT [dbo].[OCCUPE] ([CDGROUP], [CDRES], [PERCD]) VALUES (22, 4, 17)
INSERT [dbo].[OCCUPE] ([CDGROUP], [CDRES], [PERCD]) VALUES (22, 5, 48)
INSERT [dbo].[OCCUPE] ([CDGROUP], [CDRES], [PERCD]) VALUES (23, 3, 34)
INSERT [dbo].[OCCUPE] ([CDGROUP], [CDRES], [PERCD]) VALUES (23, 4, 12)
INSERT [dbo].[OCCUPE] ([CDGROUP], [CDRES], [PERCD]) VALUES (23, 5, 7)
INSERT [dbo].[OCCUPE] ([CDGROUP], [CDRES], [PERCD]) VALUES (23, 6, 34)
INSERT [dbo].[OCCUPE] ([CDGROUP], [CDRES], [PERCD]) VALUES (23, 7, 51)
INSERT [dbo].[OCCUPE] ([CDGROUP], [CDRES], [PERCD]) VALUES (23, 8, 50)
INSERT [dbo].[OCCUPE] ([CDGROUP], [CDRES], [PERCD]) VALUES (24, 1, 39)
INSERT [dbo].[OCCUPE] ([CDGROUP], [CDRES], [PERCD]) VALUES (24, 15, 16)
INSERT [dbo].[OCCUPE] ([CDGROUP], [CDRES], [PERCD]) VALUES (25, 4, 34)
INSERT [dbo].[OCCUPE] ([CDGROUP], [CDRES], [PERCD]) VALUES (25, 14, 29)
INSERT [dbo].[OCCUPE] ([CDGROUP], [CDRES], [PERCD]) VALUES (26, 5, 21)
INSERT [dbo].[OCCUPE] ([CDGROUP], [CDRES], [PERCD]) VALUES (27, 7, 37)
INSERT [dbo].[OCCUPE] ([CDGROUP], [CDRES], [PERCD]) VALUES (27, 9, 1)
INSERT [dbo].[OCCUPE] ([CDGROUP], [CDRES], [PERCD]) VALUES (27, 10, 12)
INSERT [dbo].[OCCUPE] ([CDGROUP], [CDRES], [PERCD]) VALUES (27, 11, 21)
INSERT [dbo].[OCCUPE] ([CDGROUP], [CDRES], [PERCD]) VALUES (27, 12, 33)
INSERT [dbo].[OCCUPE] ([CDGROUP], [CDRES], [PERCD]) VALUES (28, 1, 38)
INSERT [dbo].[OCCUPE] ([CDGROUP], [CDRES], [PERCD]) VALUES (29, 1, 39)
INSERT [dbo].[OCCUPE] ([CDGROUP], [CDRES], [PERCD]) VALUES (29, 2, 22)
INSERT [dbo].[OCCUPE] ([CDGROUP], [CDRES], [PERCD]) VALUES (29, 8, 29)
INSERT [dbo].[OCCUPE] ([CDGROUP], [CDRES], [PERCD]) VALUES (29, 14, 44)
INSERT [dbo].[OCCUPE] ([CDGROUP], [CDRES], [PERCD]) VALUES (30, 1, 46)
INSERT [dbo].[OCCUPE] ([CDGROUP], [CDRES], [PERCD]) VALUES (30, 7, 2)
INSERT [dbo].[OCCUPE] ([CDGROUP], [CDRES], [PERCD]) VALUES (30, 12, 34)
/****** Object:  Table [dbo].[EST MEMBRE DE]    Script Date: 03/10/2011 10:43:26 ******/
SET ANSI_NULLS ON
GO
SET QUOTED_IDENTIFIER ON
GO
CREATE TABLE [dbo].[EST MEMBRE DE](
	[PERCD] [int] NOT NULL,
	[CDGROUP] [int] NOT NULL,
 CONSTRAINT [PK_EST MEMBRE DE] PRIMARY KEY CLUSTERED 
(
	[PERCD] ASC,
	[CDGROUP] ASC
)WITH (PAD_INDEX  = OFF, STATISTICS_NORECOMPUTE  = OFF, IGNORE_DUP_KEY = OFF, ALLOW_ROW_LOCKS  = ON, ALLOW_PAGE_LOCKS  = ON) ON [PRIMARY]
) ON [PRIMARY]
GO
INSERT [dbo].[EST MEMBRE DE] ([PERCD], [CDGROUP]) VALUES (1, 5)
INSERT [dbo].[EST MEMBRE DE] ([PERCD], [CDGROUP]) VALUES (1, 7)
INSERT [dbo].[EST MEMBRE DE] ([PERCD], [CDGROUP]) VALUES (1, 16)
INSERT [dbo].[EST MEMBRE DE] ([PERCD], [CDGROUP]) VALUES (1, 25)
INSERT [dbo].[EST MEMBRE DE] ([PERCD], [CDGROUP]) VALUES (2, 29)
INSERT [dbo].[EST MEMBRE DE] ([PERCD], [CDGROUP]) VALUES (3, 16)
INSERT [dbo].[EST MEMBRE DE] ([PERCD], [CDGROUP]) VALUES (3, 20)
INSERT [dbo].[EST MEMBRE DE] ([PERCD], [CDGROUP]) VALUES (4, 9)
INSERT [dbo].[EST MEMBRE DE] ([PERCD], [CDGROUP]) VALUES (5, 14)
INSERT [dbo].[EST MEMBRE DE] ([PERCD], [CDGROUP]) VALUES (5, 30)
INSERT [dbo].[EST MEMBRE DE] ([PERCD], [CDGROUP]) VALUES (6, 27)
INSERT [dbo].[EST MEMBRE DE] ([PERCD], [CDGROUP]) VALUES (8, 18)
INSERT [dbo].[EST MEMBRE DE] ([PERCD], [CDGROUP]) VALUES (9, 12)
INSERT [dbo].[EST MEMBRE DE] ([PERCD], [CDGROUP]) VALUES (9, 22)
INSERT [dbo].[EST MEMBRE DE] ([PERCD], [CDGROUP]) VALUES (10, 16)
INSERT [dbo].[EST MEMBRE DE] ([PERCD], [CDGROUP]) VALUES (10, 20)
INSERT [dbo].[EST MEMBRE DE] ([PERCD], [CDGROUP]) VALUES (11, 18)
INSERT [dbo].[EST MEMBRE DE] ([PERCD], [CDGROUP]) VALUES (12, 11)
INSERT [dbo].[EST MEMBRE DE] ([PERCD], [CDGROUP]) VALUES (12, 23)
INSERT [dbo].[EST MEMBRE DE] ([PERCD], [CDGROUP]) VALUES (12, 28)
INSERT [dbo].[EST MEMBRE DE] ([PERCD], [CDGROUP]) VALUES (15, 5)
INSERT [dbo].[EST MEMBRE DE] ([PERCD], [CDGROUP]) VALUES (15, 9)
INSERT [dbo].[EST MEMBRE DE] ([PERCD], [CDGROUP]) VALUES (15, 17)
INSERT [dbo].[EST MEMBRE DE] ([PERCD], [CDGROUP]) VALUES (17, 15)
INSERT [dbo].[EST MEMBRE DE] ([PERCD], [CDGROUP]) VALUES (18, 4)
INSERT [dbo].[EST MEMBRE DE] ([PERCD], [CDGROUP]) VALUES (18, 11)
INSERT [dbo].[EST MEMBRE DE] ([PERCD], [CDGROUP]) VALUES (18, 25)
INSERT [dbo].[EST MEMBRE DE] ([PERCD], [CDGROUP]) VALUES (19, 26)
INSERT [dbo].[EST MEMBRE DE] ([PERCD], [CDGROUP]) VALUES (20, 9)
INSERT [dbo].[EST MEMBRE DE] ([PERCD], [CDGROUP]) VALUES (21, 26)
INSERT [dbo].[EST MEMBRE DE] ([PERCD], [CDGROUP]) VALUES (22, 9)
INSERT [dbo].[EST MEMBRE DE] ([PERCD], [CDGROUP]) VALUES (22, 17)
INSERT [dbo].[EST MEMBRE DE] ([PERCD], [CDGROUP]) VALUES (23, 7)
INSERT [dbo].[EST MEMBRE DE] ([PERCD], [CDGROUP]) VALUES (23, 12)
INSERT [dbo].[EST MEMBRE DE] ([PERCD], [CDGROUP]) VALUES (24, 16)
INSERT [dbo].[EST MEMBRE DE] ([PERCD], [CDGROUP]) VALUES (25, 29)
INSERT [dbo].[EST MEMBRE DE] ([PERCD], [CDGROUP]) VALUES (26, 21)
INSERT [dbo].[EST MEMBRE DE] ([PERCD], [CDGROUP]) VALUES (27, 12)
INSERT [dbo].[EST MEMBRE DE] ([PERCD], [CDGROUP]) VALUES (27, 21)
INSERT [dbo].[EST MEMBRE DE] ([PERCD], [CDGROUP]) VALUES (29, 22)
INSERT [dbo].[EST MEMBRE DE] ([PERCD], [CDGROUP]) VALUES (29, 29)
/****** Object:  Table [dbo].[REPERTORIE]    Script Date: 03/10/2011 10:43:26 ******/
SET ANSI_NULLS ON
GO
SET QUOTED_IDENTIFIER ON
GO
CREATE TABLE [dbo].[REPERTORIE](
	[CDTITRE] [int] NOT NULL,
	[CDGROUP] [int] NOT NULL,
 CONSTRAINT [PK_REPERTORIE] PRIMARY KEY CLUSTERED 
(
	[CDTITRE] ASC,
	[CDGROUP] ASC
)WITH (PAD_INDEX  = OFF, STATISTICS_NORECOMPUTE  = OFF, IGNORE_DUP_KEY = OFF, ALLOW_ROW_LOCKS  = ON, ALLOW_PAGE_LOCKS  = ON) ON [PRIMARY]
) ON [PRIMARY]
GO
INSERT [dbo].[REPERTORIE] ([CDTITRE], [CDGROUP]) VALUES (1, 4)
INSERT [dbo].[REPERTORIE] ([CDTITRE], [CDGROUP]) VALUES (1, 7)
INSERT [dbo].[REPERTORIE] ([CDTITRE], [CDGROUP]) VALUES (1, 23)
INSERT [dbo].[REPERTORIE] ([CDTITRE], [CDGROUP]) VALUES (3, 3)
INSERT [dbo].[REPERTORIE] ([CDTITRE], [CDGROUP]) VALUES (3, 11)
INSERT [dbo].[REPERTORIE] ([CDTITRE], [CDGROUP]) VALUES (4, 9)
INSERT [dbo].[REPERTORIE] ([CDTITRE], [CDGROUP]) VALUES (5, 12)
INSERT [dbo].[REPERTORIE] ([CDTITRE], [CDGROUP]) VALUES (5, 16)
INSERT [dbo].[REPERTORIE] ([CDTITRE], [CDGROUP]) VALUES (6, 5)
INSERT [dbo].[REPERTORIE] ([CDTITRE], [CDGROUP]) VALUES (6, 23)
INSERT [dbo].[REPERTORIE] ([CDTITRE], [CDGROUP]) VALUES (7, 6)
INSERT [dbo].[REPERTORIE] ([CDTITRE], [CDGROUP]) VALUES (7, 8)
INSERT [dbo].[REPERTORIE] ([CDTITRE], [CDGROUP]) VALUES (7, 10)
INSERT [dbo].[REPERTORIE] ([CDTITRE], [CDGROUP]) VALUES (7, 12)
INSERT [dbo].[REPERTORIE] ([CDTITRE], [CDGROUP]) VALUES (8, 9)
INSERT [dbo].[REPERTORIE] ([CDTITRE], [CDGROUP]) VALUES (9, 6)
INSERT [dbo].[REPERTORIE] ([CDTITRE], [CDGROUP]) VALUES (9, 14)
INSERT [dbo].[REPERTORIE] ([CDTITRE], [CDGROUP]) VALUES (9, 17)
INSERT [dbo].[REPERTORIE] ([CDTITRE], [CDGROUP]) VALUES (10, 3)
INSERT [dbo].[REPERTORIE] ([CDTITRE], [CDGROUP]) VALUES (10, 4)
INSERT [dbo].[REPERTORIE] ([CDTITRE], [CDGROUP]) VALUES (11, 23)
INSERT [dbo].[REPERTORIE] ([CDTITRE], [CDGROUP]) VALUES (11, 25)
INSERT [dbo].[REPERTORIE] ([CDTITRE], [CDGROUP]) VALUES (12, 8)
INSERT [dbo].[REPERTORIE] ([CDTITRE], [CDGROUP]) VALUES (12, 15)
INSERT [dbo].[REPERTORIE] ([CDTITRE], [CDGROUP]) VALUES (12, 26)
INSERT [dbo].[REPERTORIE] ([CDTITRE], [CDGROUP]) VALUES (13, 12)
INSERT [dbo].[REPERTORIE] ([CDTITRE], [CDGROUP]) VALUES (13, 13)
INSERT [dbo].[REPERTORIE] ([CDTITRE], [CDGROUP]) VALUES (13, 27)
INSERT [dbo].[REPERTORIE] ([CDTITRE], [CDGROUP]) VALUES (14, 13)
INSERT [dbo].[REPERTORIE] ([CDTITRE], [CDGROUP]) VALUES (14, 28)
INSERT [dbo].[REPERTORIE] ([CDTITRE], [CDGROUP]) VALUES (15, 18)
INSERT [dbo].[REPERTORIE] ([CDTITRE], [CDGROUP]) VALUES (15, 29)
INSERT [dbo].[REPERTORIE] ([CDTITRE], [CDGROUP]) VALUES (16, 5)
INSERT [dbo].[REPERTORIE] ([CDTITRE], [CDGROUP]) VALUES (16, 18)
INSERT [dbo].[REPERTORIE] ([CDTITRE], [CDGROUP]) VALUES (16, 20)
INSERT [dbo].[REPERTORIE] ([CDTITRE], [CDGROUP]) VALUES (16, 30)
INSERT [dbo].[REPERTORIE] ([CDTITRE], [CDGROUP]) VALUES (17, 21)
INSERT [dbo].[REPERTORIE] ([CDTITRE], [CDGROUP]) VALUES (18, 14)
INSERT [dbo].[REPERTORIE] ([CDTITRE], [CDGROUP]) VALUES (18, 19)
INSERT [dbo].[REPERTORIE] ([CDTITRE], [CDGROUP]) VALUES (19, 22)
INSERT [dbo].[REPERTORIE] ([CDTITRE], [CDGROUP]) VALUES (19, 23)
INSERT [dbo].[REPERTORIE] ([CDTITRE], [CDGROUP]) VALUES (20, 24)
INSERT [dbo].[REPERTORIE] ([CDTITRE], [CDGROUP]) VALUES (21, 15)
INSERT [dbo].[REPERTORIE] ([CDTITRE], [CDGROUP]) VALUES (21, 22)
INSERT [dbo].[REPERTORIE] ([CDTITRE], [CDGROUP]) VALUES (22, 11)
INSERT [dbo].[REPERTORIE] ([CDTITRE], [CDGROUP]) VALUES (23, 16)
INSERT [dbo].[REPERTORIE] ([CDTITRE], [CDGROUP]) VALUES (24, 4)
INSERT [dbo].[REPERTORIE] ([CDTITRE], [CDGROUP]) VALUES (24, 24)
INSERT [dbo].[REPERTORIE] ([CDTITRE], [CDGROUP]) VALUES (25, 22)
/****** Object:  Table [dbo].[SPE]    Script Date: 03/10/2011 10:43:26 ******/
SET ANSI_NULLS ON
GO
SET QUOTED_IDENTIFIER ON
GO
CREATE TABLE [dbo].[SPE](
	[PERCD] [int] NOT NULL,
	[CDSPE] [int] NOT NULL,
	[CDREN] [int] NOT NULL,
 CONSTRAINT [PK_SPE_1] PRIMARY KEY CLUSTERED 
(
	[PERCD] ASC,
	[CDSPE] ASC,
	[CDREN] ASC
)WITH (PAD_INDEX  = OFF, STATISTICS_NORECOMPUTE  = OFF, IGNORE_DUP_KEY = OFF, ALLOW_ROW_LOCKS  = ON, ALLOW_PAGE_LOCKS  = ON) ON [PRIMARY]
) ON [PRIMARY]
GO
INSERT [dbo].[SPE] ([PERCD], [CDSPE], [CDREN]) VALUES (2, 1, 4)
INSERT [dbo].[SPE] ([PERCD], [CDSPE], [CDREN]) VALUES (3, 1, 1)
INSERT [dbo].[SPE] ([PERCD], [CDSPE], [CDREN]) VALUES (3, 2, 2)
INSERT [dbo].[SPE] ([PERCD], [CDSPE], [CDREN]) VALUES (5, 1, 5)
INSERT [dbo].[SPE] ([PERCD], [CDSPE], [CDREN]) VALUES (7, 1, 10)
INSERT [dbo].[SPE] ([PERCD], [CDSPE], [CDREN]) VALUES (10, 1, 11)
INSERT [dbo].[SPE] ([PERCD], [CDSPE], [CDREN]) VALUES (10, 2, 13)
INSERT [dbo].[SPE] ([PERCD], [CDSPE], [CDREN]) VALUES (11, 2, 5)
INSERT [dbo].[SPE] ([PERCD], [CDSPE], [CDREN]) VALUES (11, 2, 10)
INSERT [dbo].[SPE] ([PERCD], [CDSPE], [CDREN]) VALUES (19, 1, 11)
INSERT [dbo].[SPE] ([PERCD], [CDSPE], [CDREN]) VALUES (19, 2, 9)
INSERT [dbo].[SPE] ([PERCD], [CDSPE], [CDREN]) VALUES (20, 1, 13)
INSERT [dbo].[SPE] ([PERCD], [CDSPE], [CDREN]) VALUES (25, 2, 7)
INSERT [dbo].[SPE] ([PERCD], [CDSPE], [CDREN]) VALUES (27, 1, 11)
INSERT [dbo].[SPE] ([PERCD], [CDSPE], [CDREN]) VALUES (28, 1, 9)
INSERT [dbo].[SPE] ([PERCD], [CDSPE], [CDREN]) VALUES (29, 2, 9)
INSERT [dbo].[SPE] ([PERCD], [CDSPE], [CDREN]) VALUES (30, 2, 11)
INSERT [dbo].[SPE] ([PERCD], [CDSPE], [CDREN]) VALUES (30, 2, 15)
INSERT [dbo].[SPE] ([PERCD], [CDSPE], [CDREN]) VALUES (31, 1, 14)
INSERT [dbo].[SPE] ([PERCD], [CDSPE], [CDREN]) VALUES (31, 2, 4)
INSERT [dbo].[SPE] ([PERCD], [CDSPE], [CDREN]) VALUES (31, 2, 6)
INSERT [dbo].[SPE] ([PERCD], [CDSPE], [CDREN]) VALUES (41, 1, 13)
INSERT [dbo].[SPE] ([PERCD], [CDSPE], [CDREN]) VALUES (45, 1, 6)
/****** Object:  Table [dbo].[REPRESENTER]    Script Date: 03/10/2011 10:43:26 ******/
SET ANSI_NULLS ON
GO
SET QUOTED_IDENTIFIER ON
GO
CREATE TABLE [dbo].[REPRESENTER](
	[CDGROUP] [int] NOT NULL,
	[CDREG] [int] NOT NULL,
	[CDREN] [int] NOT NULL,
 CONSTRAINT [PK_REPRESENTER] PRIMARY KEY CLUSTERED 
(
	[CDGROUP] ASC,
	[CDREG] ASC,
	[CDREN] ASC
)WITH (PAD_INDEX  = OFF, STATISTICS_NORECOMPUTE  = OFF, IGNORE_DUP_KEY = OFF, ALLOW_ROW_LOCKS  = ON, ALLOW_PAGE_LOCKS  = ON) ON [PRIMARY]
) ON [PRIMARY]
GO
INSERT [dbo].[REPRESENTER] ([CDGROUP], [CDREG], [CDREN]) VALUES (3, 5, 3)
INSERT [dbo].[REPRESENTER] ([CDGROUP], [CDREG], [CDREN]) VALUES (4, 1, 7)
INSERT [dbo].[REPRESENTER] ([CDGROUP], [CDREG], [CDREN]) VALUES (4, 2, 15)
INSERT [dbo].[REPRESENTER] ([CDGROUP], [CDREG], [CDREN]) VALUES (4, 7, 2)
INSERT [dbo].[REPRESENTER] ([CDGROUP], [CDREG], [CDREN]) VALUES (5, 2, 3)
INSERT [dbo].[REPRESENTER] ([CDGROUP], [CDREG], [CDREN]) VALUES (5, 13, 5)
INSERT [dbo].[REPRESENTER] ([CDGROUP], [CDREG], [CDREN]) VALUES (6, 3, 11)
INSERT [dbo].[REPRESENTER] ([CDGROUP], [CDREG], [CDREN]) VALUES (6, 10, 12)
INSERT [dbo].[REPRESENTER] ([CDGROUP], [CDREG], [CDREN]) VALUES (8, 13, 12)
INSERT [dbo].[REPRESENTER] ([CDGROUP], [CDREG], [CDREN]) VALUES (9, 7, 8)
INSERT [dbo].[REPRESENTER] ([CDGROUP], [CDREG], [CDREN]) VALUES (9, 22, 4)
INSERT [dbo].[REPRESENTER] ([CDGROUP], [CDREG], [CDREN]) VALUES (10, 1, 11)
INSERT [dbo].[REPRESENTER] ([CDGROUP], [CDREG], [CDREN]) VALUES (10, 9, 7)
INSERT [dbo].[REPRESENTER] ([CDGROUP], [CDREG], [CDREN]) VALUES (14, 14, 3)
INSERT [dbo].[REPRESENTER] ([CDGROUP], [CDREG], [CDREN]) VALUES (15, 16, 15)
INSERT [dbo].[REPRESENTER] ([CDGROUP], [CDREG], [CDREN]) VALUES (16, 7, 3)
INSERT [dbo].[REPRESENTER] ([CDGROUP], [CDREG], [CDREN]) VALUES (19, 18, 14)
INSERT [dbo].[REPRESENTER] ([CDGROUP], [CDREG], [CDREN]) VALUES (19, 24, 10)
INSERT [dbo].[REPRESENTER] ([CDGROUP], [CDREG], [CDREN]) VALUES (20, 19, 11)
INSERT [dbo].[REPRESENTER] ([CDGROUP], [CDREG], [CDREN]) VALUES (21, 4, 1)
INSERT [dbo].[REPRESENTER] ([CDGROUP], [CDREG], [CDREN]) VALUES (22, 6, 1)
INSERT [dbo].[REPRESENTER] ([CDGROUP], [CDREG], [CDREN]) VALUES (22, 14, 6)
INSERT [dbo].[REPRESENTER] ([CDGROUP], [CDREG], [CDREN]) VALUES (23, 1, 7)
INSERT [dbo].[REPRESENTER] ([CDGROUP], [CDREG], [CDREN]) VALUES (24, 8, 6)
INSERT [dbo].[REPRESENTER] ([CDGROUP], [CDREG], [CDREN]) VALUES (25, 5, 6)
/****** Object:  Table [dbo].[REPRESENTATION]    Script Date: 03/10/2011 10:43:26 ******/
SET ANSI_NULLS ON
GO
SET QUOTED_IDENTIFIER ON
GO
CREATE TABLE [dbo].[REPRESENTATION](
	[IDREPRESENTATION] [int] NOT NULL,
	[CDTITRE] [int] NOT NULL,
	[PASSID] [int] NOT NULL,
	[TPSPREVU] [time](7) NOT NULL,
 CONSTRAINT [PK_REPRESENTATION] PRIMARY KEY CLUSTERED 
(
	[IDREPRESENTATION] ASC,
	[CDTITRE] ASC,
	[PASSID] ASC
)WITH (PAD_INDEX  = OFF, STATISTICS_NORECOMPUTE  = OFF, IGNORE_DUP_KEY = OFF, ALLOW_ROW_LOCKS  = ON, ALLOW_PAGE_LOCKS  = ON) ON [PRIMARY]
) ON [PRIMARY]
GO
INSERT [dbo].[REPRESENTATION] ([IDREPRESENTATION], [CDTITRE], [PASSID], [TPSPREVU]) VALUES (1, 18, 1, CAST(0x07005CB2EC220000 AS Time))
INSERT [dbo].[REPRESENTATION] ([IDREPRESENTATION], [CDTITRE], [PASSID], [TPSPREVU]) VALUES (2, 16, 2, CAST(0x070068F3C9610000 AS Time))
INSERT [dbo].[REPRESENTATION] ([IDREPRESENTATION], [CDTITRE], [PASSID], [TPSPREVU]) VALUES (3, 4, 3, CAST(0x07006C2F561D0000 AS Time))
INSERT [dbo].[REPRESENTATION] ([IDREPRESENTATION], [CDTITRE], [PASSID], [TPSPREVU]) VALUES (4, 16, 4, CAST(0x070068F3C9610000 AS Time))
INSERT [dbo].[REPRESENTATION] ([IDREPRESENTATION], [CDTITRE], [PASSID], [TPSPREVU]) VALUES (5, 15, 5, CAST(0x0700A436B8120000 AS Time))
INSERT [dbo].[REPRESENTATION] ([IDREPRESENTATION], [CDTITRE], [PASSID], [TPSPREVU]) VALUES (6, 13, 6, CAST(0x07006C2F561D0000 AS Time))
INSERT [dbo].[REPRESENTATION] ([IDREPRESENTATION], [CDTITRE], [PASSID], [TPSPREVU]) VALUES (7, 9, 7, CAST(0x07008C2929120000 AS Time))
INSERT [dbo].[REPRESENTATION] ([IDREPRESENTATION], [CDTITRE], [PASSID], [TPSPREVU]) VALUES (8, 9, 8, CAST(0x07008C2929120000 AS Time))
INSERT [dbo].[REPRESENTATION] ([IDREPRESENTATION], [CDTITRE], [PASSID], [TPSPREVU]) VALUES (9, 9, 9, CAST(0x07008C2929120000 AS Time))
INSERT [dbo].[REPRESENTATION] ([IDREPRESENTATION], [CDTITRE], [PASSID], [TPSPREVU]) VALUES (10, 6, 10, CAST(0x070008D6E8290000 AS Time))
INSERT [dbo].[REPRESENTATION] ([IDREPRESENTATION], [CDTITRE], [PASSID], [TPSPREVU]) VALUES (11, 9, 11, CAST(0x07008C2929120000 AS Time))
INSERT [dbo].[REPRESENTATION] ([IDREPRESENTATION], [CDTITRE], [PASSID], [TPSPREVU]) VALUES (12, 1, 12, CAST(0x070008D6E8290000 AS Time))
INSERT [dbo].[REPRESENTATION] ([IDREPRESENTATION], [CDTITRE], [PASSID], [TPSPREVU]) VALUES (13, 5, 13, CAST(0x0700A47C7B360000 AS Time))
INSERT [dbo].[REPRESENTATION] ([IDREPRESENTATION], [CDTITRE], [PASSID], [TPSPREVU]) VALUES (14, 23, 14, CAST(0x0700D85EAC3A0000 AS Time))
INSERT [dbo].[REPRESENTATION] ([IDREPRESENTATION], [CDTITRE], [PASSID], [TPSPREVU]) VALUES (15, 23, 15, CAST(0x0700D85EAC3A0000 AS Time))
INSERT [dbo].[REPRESENTATION] ([IDREPRESENTATION], [CDTITRE], [PASSID], [TPSPREVU]) VALUES (16, 17, 16, CAST(0x0700142E21330000 AS Time))
INSERT [dbo].[REPRESENTATION] ([IDREPRESENTATION], [CDTITRE], [PASSID], [TPSPREVU]) VALUES (17, 21, 17, CAST(0x070014E85D0F0000 AS Time))
INSERT [dbo].[REPRESENTATION] ([IDREPRESENTATION], [CDTITRE], [PASSID], [TPSPREVU]) VALUES (18, 18, 18, CAST(0x07005CB2EC220000 AS Time))
INSERT [dbo].[REPRESENTATION] ([IDREPRESENTATION], [CDTITRE], [PASSID], [TPSPREVU]) VALUES (19, 23, 19, CAST(0x0700D85EAC3A0000 AS Time))
INSERT [dbo].[REPRESENTATION] ([IDREPRESENTATION], [CDTITRE], [PASSID], [TPSPREVU]) VALUES (20, 21, 20, CAST(0x070014E85D0F0000 AS Time))
INSERT [dbo].[REPRESENTATION] ([IDREPRESENTATION], [CDTITRE], [PASSID], [TPSPREVU]) VALUES (21, 16, 21, CAST(0x070048CA8E130000 AS Time))
INSERT [dbo].[REPRESENTATION] ([IDREPRESENTATION], [CDTITRE], [PASSID], [TPSPREVU]) VALUES (22, 18, 22, CAST(0x07005CB2EC220000 AS Time))
INSERT [dbo].[REPRESENTATION] ([IDREPRESENTATION], [CDTITRE], [PASSID], [TPSPREVU]) VALUES (23, 13, 23, CAST(0x070028D0BB1E0000 AS Time))
INSERT [dbo].[REPRESENTATION] ([IDREPRESENTATION], [CDTITRE], [PASSID], [TPSPREVU]) VALUES (24, 12, 24, CAST(0x0700F4ED8A1A0000 AS Time))
INSERT [dbo].[REPRESENTATION] ([IDREPRESENTATION], [CDTITRE], [PASSID], [TPSPREVU]) VALUES (25, 18, 25, CAST(0x07005CB2EC220000 AS Time))
INSERT [dbo].[REPRESENTATION] ([IDREPRESENTATION], [CDTITRE], [PASSID], [TPSPREVU]) VALUES (26, 16, 26, CAST(0x070068F3C9610000 AS Time))
INSERT [dbo].[REPRESENTATION] ([IDREPRESENTATION], [CDTITRE], [PASSID], [TPSPREVU]) VALUES (27, 20, 27, CAST(0x07008017B42C0000 AS Time))
INSERT [dbo].[REPRESENTATION] ([IDREPRESENTATION], [CDTITRE], [PASSID], [TPSPREVU]) VALUES (28, 19, 28, CAST(0x0700185352240000 AS Time))
INSERT [dbo].[REPRESENTATION] ([IDREPRESENTATION], [CDTITRE], [PASSID], [TPSPREVU]) VALUES (29, 1, 29, CAST(0x070008D6E8290000 AS Time))
INSERT [dbo].[REPRESENTATION] ([IDREPRESENTATION], [CDTITRE], [PASSID], [TPSPREVU]) VALUES (30, 1, 30, CAST(0x070008D6E8290000 AS Time))
INSERT [dbo].[REPRESENTATION] ([IDREPRESENTATION], [CDTITRE], [PASSID], [TPSPREVU]) VALUES (31, 2, 31, CAST(0x0700B08EF01B0000 AS Time))
INSERT [dbo].[REPRESENTATION] ([IDREPRESENTATION], [CDTITRE], [PASSID], [TPSPREVU]) VALUES (32, 7, 32, CAST(0x07001882BA7D0000 AS Time))
/****** Object:  ForeignKey [FK_LOGIN_EST DE TY_PROFIL]    Script Date: 03/10/2011 10:43:26 ******/
ALTER TABLE [dbo].[LOGIN]  WITH CHECK ADD  CONSTRAINT [FK_LOGIN_EST DE TY_PROFIL] FOREIGN KEY([CDPROFIL])
REFERENCES [dbo].[PROFIL] ([CDPROFIL])
GO
ALTER TABLE [dbo].[LOGIN] CHECK CONSTRAINT [FK_LOGIN_EST DE TY_PROFIL]
GO
/****** Object:  ForeignKey [FK_A ACCES_A ACCES_MENU]    Script Date: 03/10/2011 10:43:26 ******/
ALTER TABLE [dbo].[A ACCES]  WITH CHECK ADD  CONSTRAINT [FK_A ACCES_A ACCES_MENU] FOREIGN KEY([CDMENU])
REFERENCES [dbo].[MENU] ([CDMENU])
GO
ALTER TABLE [dbo].[A ACCES] CHECK CONSTRAINT [FK_A ACCES_A ACCES_MENU]
GO
/****** Object:  ForeignKey [FK_A ACCES_A ACCES_PROFIL]    Script Date: 03/10/2011 10:43:26 ******/
ALTER TABLE [dbo].[A ACCES]  WITH CHECK ADD  CONSTRAINT [FK_A ACCES_A ACCES_PROFIL] FOREIGN KEY([CDPROFIL])
REFERENCES [dbo].[PROFIL] ([CDPROFIL])
GO
ALTER TABLE [dbo].[A ACCES] CHECK CONSTRAINT [FK_A ACCES_A ACCES_PROFIL]
GO
/****** Object:  ForeignKey [FK_TITRE _ _EST DE GE_TYPE D_O]    Script Date: 03/10/2011 10:43:26 ******/
ALTER TABLE [dbo].[TITRE _ CHANSON]  WITH CHECK ADD  CONSTRAINT [FK_TITRE _ _EST DE GE_TYPE D_O] FOREIGN KEY([CDTYP])
REFERENCES [dbo].[TYPE D_OEUVRE] ([CDTYP])
GO
ALTER TABLE [dbo].[TITRE _ CHANSON] CHECK CONSTRAINT [FK_TITRE _ _EST DE GE_TYPE D_O]
GO
/****** Object:  ForeignKey [FK_PERSONNE_EST UN UN_CIVILITE]    Script Date: 03/10/2011 10:43:26 ******/
ALTER TABLE [dbo].[PERSONNE]  WITH CHECK ADD  CONSTRAINT [FK_PERSONNE_EST UN UN_CIVILITE] FOREIGN KEY([CDCIV])
REFERENCES [dbo].[CIVILITE] ([CDCIV])
GO
ALTER TABLE [dbo].[PERSONNE] CHECK CONSTRAINT [FK_PERSONNE_EST UN UN_CIVILITE]
GO
/****** Object:  ForeignKey [FK_REGION_SE TROUVE_PAYS]    Script Date: 03/10/2011 10:43:26 ******/
ALTER TABLE [dbo].[REGION]  WITH CHECK ADD  CONSTRAINT [FK_REGION_SE TROUVE_PAYS] FOREIGN KEY([PAYSID])
REFERENCES [dbo].[PAYS] ([PAYSID])
GO
ALTER TABLE [dbo].[REGION] CHECK CONSTRAINT [FK_REGION_SE TROUVE_PAYS]
GO
/****** Object:  ForeignKey [FK_RENCONTR_ORGANISE_PERSONNE]    Script Date: 03/10/2011 10:43:26 ******/
ALTER TABLE [dbo].[RENCONTRE]  WITH CHECK ADD  CONSTRAINT [FK_RENCONTR_ORGANISE_PERSONNE] FOREIGN KEY([PERCD])
REFERENCES [dbo].[PERSONNE] ([PERCD])
GO
ALTER TABLE [dbo].[RENCONTRE] CHECK CONSTRAINT [FK_RENCONTR_ORGANISE_PERSONNE]
GO
/****** Object:  ForeignKey [FK_RENCONTR_SE DEROUL_PERIODIC]    Script Date: 03/10/2011 10:43:26 ******/
ALTER TABLE [dbo].[RENCONTRE]  WITH CHECK ADD  CONSTRAINT [FK_RENCONTR_SE DEROUL_PERIODIC] FOREIGN KEY([PERIOID])
REFERENCES [dbo].[PERIODICITE] ([PERIOID])
GO
ALTER TABLE [dbo].[RENCONTRE] CHECK CONSTRAINT [FK_RENCONTR_SE DEROUL_PERIODIC]
GO
/****** Object:  ForeignKey [FK_NECESSIT_NECESSITE_INSTRUME]    Script Date: 03/10/2011 10:43:26 ******/
ALTER TABLE [dbo].[NECESSITE]  WITH CHECK ADD  CONSTRAINT [FK_NECESSIT_NECESSITE_INSTRUME] FOREIGN KEY([CDINSTU])
REFERENCES [dbo].[INSTRUMENT] ([CDINSTU])
GO
ALTER TABLE [dbo].[NECESSITE] CHECK CONSTRAINT [FK_NECESSIT_NECESSITE_INSTRUME]
GO
/****** Object:  ForeignKey [FK_NECESSIT_NECESSITE_TITRE _]    Script Date: 03/10/2011 10:43:26 ******/
ALTER TABLE [dbo].[NECESSITE]  WITH CHECK ADD  CONSTRAINT [FK_NECESSIT_NECESSITE_TITRE _] FOREIGN KEY([CDTITRE])
REFERENCES [dbo].[TITRE _ CHANSON] ([CDTITRE])
GO
ALTER TABLE [dbo].[NECESSITE] CHECK CONSTRAINT [FK_NECESSIT_NECESSITE_TITRE _]
GO
/****** Object:  ForeignKey [FK_EST AUTE_EST AUTEU_PERSONNE]    Script Date: 03/10/2011 10:43:26 ******/
ALTER TABLE [dbo].[EST AUTEUR DE]  WITH CHECK ADD  CONSTRAINT [FK_EST AUTE_EST AUTEU_PERSONNE] FOREIGN KEY([PERCD])
REFERENCES [dbo].[PERSONNE] ([PERCD])
GO
ALTER TABLE [dbo].[EST AUTEUR DE] CHECK CONSTRAINT [FK_EST AUTE_EST AUTEU_PERSONNE]
GO
/****** Object:  ForeignKey [FK_EST AUTE_EST AUTEU_TITRE _]    Script Date: 03/10/2011 10:43:26 ******/
ALTER TABLE [dbo].[EST AUTEUR DE]  WITH CHECK ADD  CONSTRAINT [FK_EST AUTE_EST AUTEU_TITRE _] FOREIGN KEY([CDTITRE])
REFERENCES [dbo].[TITRE _ CHANSON] ([CDTITRE])
GO
ALTER TABLE [dbo].[EST AUTEUR DE] CHECK CONSTRAINT [FK_EST AUTE_EST AUTEU_TITRE _]
GO
/****** Object:  ForeignKey [FK_JOUE_JOUE_INSTRUME]    Script Date: 03/10/2011 10:43:26 ******/
ALTER TABLE [dbo].[JOUE]  WITH CHECK ADD  CONSTRAINT [FK_JOUE_JOUE_INSTRUME] FOREIGN KEY([CDINSTU])
REFERENCES [dbo].[INSTRUMENT] ([CDINSTU])
GO
ALTER TABLE [dbo].[JOUE] CHECK CONSTRAINT [FK_JOUE_JOUE_INSTRUME]
GO
/****** Object:  ForeignKey [FK_JOUE_JOUE_PERSONNE]    Script Date: 03/10/2011 10:43:26 ******/
ALTER TABLE [dbo].[JOUE]  WITH CHECK ADD  CONSTRAINT [FK_JOUE_JOUE_PERSONNE] FOREIGN KEY([PERCD])
REFERENCES [dbo].[PERSONNE] ([PERCD])
GO
ALTER TABLE [dbo].[JOUE] CHECK CONSTRAINT [FK_JOUE_JOUE_PERSONNE]
GO
/****** Object:  ForeignKey [FK_GROUPE_EST CORRE_PERSONNE]    Script Date: 03/10/2011 10:43:26 ******/
ALTER TABLE [dbo].[GROUPE]  WITH CHECK ADD  CONSTRAINT [FK_GROUPE_EST CORRE_PERSONNE] FOREIGN KEY([PERCD])
REFERENCES [dbo].[PERSONNE] ([PERCD])
GO
ALTER TABLE [dbo].[GROUPE] CHECK CONSTRAINT [FK_GROUPE_EST CORRE_PERSONNE]
GO
/****** Object:  ForeignKey [FK_PASSAGE_HEBERGE_RENCONTR]    Script Date: 03/10/2011 10:43:26 ******/
ALTER TABLE [dbo].[PASSAGE]  WITH CHECK ADD  CONSTRAINT [FK_PASSAGE_HEBERGE_RENCONTR] FOREIGN KEY([CDREN])
REFERENCES [dbo].[RENCONTRE] ([CDREN])
GO
ALTER TABLE [dbo].[PASSAGE] CHECK CONSTRAINT [FK_PASSAGE_HEBERGE_RENCONTR]
GO
/****** Object:  ForeignKey [FK_PASSAGE_PASSE_GROUPE]    Script Date: 03/10/2011 10:43:26 ******/
ALTER TABLE [dbo].[PASSAGE]  WITH CHECK ADD  CONSTRAINT [FK_PASSAGE_PASSE_GROUPE] FOREIGN KEY([CDGROUP])
REFERENCES [dbo].[GROUPE] ([CDGROUP])
GO
ALTER TABLE [dbo].[PASSAGE] CHECK CONSTRAINT [FK_PASSAGE_PASSE_GROUPE]
GO
/****** Object:  ForeignKey [FK_OCCUPE_OCCUPE_GROUPE]    Script Date: 03/10/2011 10:43:26 ******/
ALTER TABLE [dbo].[OCCUPE]  WITH CHECK ADD  CONSTRAINT [FK_OCCUPE_OCCUPE_GROUPE] FOREIGN KEY([CDGROUP])
REFERENCES [dbo].[GROUPE] ([CDGROUP])
GO
ALTER TABLE [dbo].[OCCUPE] CHECK CONSTRAINT [FK_OCCUPE_OCCUPE_GROUPE]
GO
/****** Object:  ForeignKey [FK_OCCUPE_OCCUPE_PERSONNE]    Script Date: 03/10/2011 10:43:26 ******/
ALTER TABLE [dbo].[OCCUPE]  WITH CHECK ADD  CONSTRAINT [FK_OCCUPE_OCCUPE_PERSONNE] FOREIGN KEY([PERCD])
REFERENCES [dbo].[PERSONNE] ([PERCD])
GO
ALTER TABLE [dbo].[OCCUPE] CHECK CONSTRAINT [FK_OCCUPE_OCCUPE_PERSONNE]
GO
/****** Object:  ForeignKey [FK_OCCUPE_OCCUPE_RESPONSA]    Script Date: 03/10/2011 10:43:26 ******/
ALTER TABLE [dbo].[OCCUPE]  WITH CHECK ADD  CONSTRAINT [FK_OCCUPE_OCCUPE_RESPONSA] FOREIGN KEY([CDRES])
REFERENCES [dbo].[RESPONSABILITE] ([CDRES])
GO
ALTER TABLE [dbo].[OCCUPE] CHECK CONSTRAINT [FK_OCCUPE_OCCUPE_RESPONSA]
GO
/****** Object:  ForeignKey [FK_EST MEMB_EST MEMBR_GROUPE]    Script Date: 03/10/2011 10:43:26 ******/
ALTER TABLE [dbo].[EST MEMBRE DE]  WITH CHECK ADD  CONSTRAINT [FK_EST MEMB_EST MEMBR_GROUPE] FOREIGN KEY([CDGROUP])
REFERENCES [dbo].[GROUPE] ([CDGROUP])
GO
ALTER TABLE [dbo].[EST MEMBRE DE] CHECK CONSTRAINT [FK_EST MEMB_EST MEMBR_GROUPE]
GO
/****** Object:  ForeignKey [FK_EST MEMB_EST MEMBR_PERSONNE]    Script Date: 03/10/2011 10:43:26 ******/
ALTER TABLE [dbo].[EST MEMBRE DE]  WITH CHECK ADD  CONSTRAINT [FK_EST MEMB_EST MEMBR_PERSONNE] FOREIGN KEY([PERCD])
REFERENCES [dbo].[PERSONNE] ([PERCD])
GO
ALTER TABLE [dbo].[EST MEMBRE DE] CHECK CONSTRAINT [FK_EST MEMB_EST MEMBR_PERSONNE]
GO
/****** Object:  ForeignKey [FK_REPERTOR_REPERTORI_GROUPE]    Script Date: 03/10/2011 10:43:26 ******/
ALTER TABLE [dbo].[REPERTORIE]  WITH CHECK ADD  CONSTRAINT [FK_REPERTOR_REPERTORI_GROUPE] FOREIGN KEY([CDGROUP])
REFERENCES [dbo].[GROUPE] ([CDGROUP])
GO
ALTER TABLE [dbo].[REPERTORIE] CHECK CONSTRAINT [FK_REPERTOR_REPERTORI_GROUPE]
GO
/****** Object:  ForeignKey [FK_REPERTOR_REPERTORI_TITRE _]    Script Date: 03/10/2011 10:43:26 ******/
ALTER TABLE [dbo].[REPERTORIE]  WITH CHECK ADD  CONSTRAINT [FK_REPERTOR_REPERTORI_TITRE _] FOREIGN KEY([CDTITRE])
REFERENCES [dbo].[TITRE _ CHANSON] ([CDTITRE])
GO
ALTER TABLE [dbo].[REPERTORIE] CHECK CONSTRAINT [FK_REPERTOR_REPERTORI_TITRE _]
GO
/****** Object:  ForeignKey [FK_SPE_SPE_PERSONNE]    Script Date: 03/10/2011 10:43:26 ******/
ALTER TABLE [dbo].[SPE]  WITH CHECK ADD  CONSTRAINT [FK_SPE_SPE_PERSONNE] FOREIGN KEY([PERCD])
REFERENCES [dbo].[PERSONNE] ([PERCD])
GO
ALTER TABLE [dbo].[SPE] CHECK CONSTRAINT [FK_SPE_SPE_PERSONNE]
GO
/****** Object:  ForeignKey [FK_SPE_SPE_RENCONTR]    Script Date: 03/10/2011 10:43:26 ******/
ALTER TABLE [dbo].[SPE]  WITH CHECK ADD  CONSTRAINT [FK_SPE_SPE_RENCONTR] FOREIGN KEY([CDREN])
REFERENCES [dbo].[RENCONTRE] ([CDREN])
GO
ALTER TABLE [dbo].[SPE] CHECK CONSTRAINT [FK_SPE_SPE_RENCONTR]
GO
/****** Object:  ForeignKey [FK_SPE_SPE_SPECIALI]    Script Date: 03/10/2011 10:43:26 ******/
ALTER TABLE [dbo].[SPE]  WITH CHECK ADD  CONSTRAINT [FK_SPE_SPE_SPECIALI] FOREIGN KEY([CDSPE])
REFERENCES [dbo].[SPECIALITE] ([CDSPE])
GO
ALTER TABLE [dbo].[SPE] CHECK CONSTRAINT [FK_SPE_SPE_SPECIALI]
GO
/****** Object:  ForeignKey [FK_REPRESEN_REPRESENT_GROUPE]    Script Date: 03/10/2011 10:43:26 ******/
ALTER TABLE [dbo].[REPRESENTER]  WITH CHECK ADD  CONSTRAINT [FK_REPRESEN_REPRESENT_GROUPE] FOREIGN KEY([CDGROUP])
REFERENCES [dbo].[GROUPE] ([CDGROUP])
GO
ALTER TABLE [dbo].[REPRESENTER] CHECK CONSTRAINT [FK_REPRESEN_REPRESENT_GROUPE]
GO
/****** Object:  ForeignKey [FK_REPRESEN_REPRESENT_REGION]    Script Date: 03/10/2011 10:43:26 ******/
ALTER TABLE [dbo].[REPRESENTER]  WITH CHECK ADD  CONSTRAINT [FK_REPRESEN_REPRESENT_REGION] FOREIGN KEY([CDREG])
REFERENCES [dbo].[REGION] ([CDREG])
GO
ALTER TABLE [dbo].[REPRESENTER] CHECK CONSTRAINT [FK_REPRESEN_REPRESENT_REGION]
GO
/****** Object:  ForeignKey [FK_REPRESEN_REPRESENT_RENCONTR]    Script Date: 03/10/2011 10:43:26 ******/
ALTER TABLE [dbo].[REPRESENTER]  WITH CHECK ADD  CONSTRAINT [FK_REPRESEN_REPRESENT_RENCONTR] FOREIGN KEY([CDREN])
REFERENCES [dbo].[RENCONTRE] ([CDREN])
GO
ALTER TABLE [dbo].[REPRESENTER] CHECK CONSTRAINT [FK_REPRESEN_REPRESENT_RENCONTR]
GO
/****** Object:  ForeignKey [FK_REPRE_REPRE_PASSAGE]    Script Date: 03/10/2011 10:43:26 ******/
ALTER TABLE [dbo].[REPRESENTATION]  WITH NOCHECK ADD  CONSTRAINT [FK_REPRE_REPRE_PASSAGE] FOREIGN KEY([PASSID])
REFERENCES [dbo].[PASSAGE] ([PASSID])
GO
ALTER TABLE [dbo].[REPRESENTATION] CHECK CONSTRAINT [FK_REPRE_REPRE_PASSAGE]
GO
/****** Object:  ForeignKey [FK_REPRE_REPRE_TITRE _]    Script Date: 03/10/2011 10:43:26 ******/
ALTER TABLE [dbo].[REPRESENTATION]  WITH NOCHECK ADD  CONSTRAINT [FK_REPRE_REPRE_TITRE _] FOREIGN KEY([CDTITRE])
REFERENCES [dbo].[TITRE _ CHANSON] ([CDTITRE])
GO
ALTER TABLE [dbo].[REPRESENTATION] CHECK CONSTRAINT [FK_REPRE_REPRE_TITRE _]
GO
TRUNCATE TABLE NECESSITE
GO
INSERT INTO NECESSITE 
	VALUES
	(1,11),
	(1,25),
	(4,25),
	(5,32),
	(6,32),
	(9,11),
	(9,31),
	(9,32),
	(9,33),
	(12,32),
	(13,31),
	(13,33)
GO
